Date,Open,High,Low,Close,Volume
2021-01-19,69.3549034640663,70.823064056018,68.98560948917434,70.47178649902344,2503269
2021-01-20,70.96717336105722,75.60584722506731,70.54384433423489,74.33584594726562,3883150
2021-01-21,74.74116834086972,77.23614413919223,74.5249926165957,75.29960632324219,3016050
2021-01-22,74.77718741131234,76.25435611813371,73.74137122419586,76.21833038330078,2573306
2021-01-25,77.19110667726369,78.87543585553516,76.96592275406465,78.0647964477539,4307817
2021-01-26,78.75834702815129,80.12743155567703,76.65068162972405,77.47032928466797,3168004
2021-01-27,76.48855774462571,79.11864281968516,75.29961595438442,76.59664916992188,3093938
2021-01-28,75.88298311488126,77.23804210589599,75.43130153094218,76.16303253173828,2725571
2021-01-29,75.68424641737275,76.04559453132276,74.03108271183069,75.11511993408203,3236182
2021-02-01,75.69326761850343,76.55147109590422,73.62455447016022,76.07268524169922,2862650
2021-02-02,76.84958199099349,77.5813129185926,75.52162744526133,76.83151245117188,2013937
2021-02-03,77.19286503166816,77.70778998982885,76.17205700538292,77.18383026123047,2147917
2021-02-04,77.47291609517697,79.30675382572986,76.43403850577882,78.47565460205078,2862650
2021-02-05,78.89120293637589,82.3962738281591,78.47565333126549,82.1704330444336,4095328
2021-02-08,82.48658637373732,86.36203915492143,82.48658637373732,86.01876068115234,4253274
2021-02-09,86.00973386009828,86.47045012375753,83.74227737872013,84.00425720214844,2590041
2021-02-10,84.46497581327122,85.68452015442723,82.24268599567449,84.61854553222656,2951384
2021-02-11,85.07927547467204,85.94650659824961,84.383676502217,85.42255401611328,1411388
2021-02-12,84.74502201606569,85.15153681541383,83.41707462080812,83.63388061523438,1820249
2021-02-16,83.58871569595783,83.58871569595783,79.46935187549313,79.76746368408203,3927569
2021-02-17,79.36998081785516,79.94813487464052,77.34643449950866,78.81892395019531,2857278
2021-02-18,78.71052658229722,79.225444408476,77.66261426990059,78.03299713134766,1782235
2021-02-19,78.44853723567903,79.52354660911254,78.3401342453424,79.00862884521484,1743394
2021-02-22,78.43047775246649,79.0086318022989,76.64180698617463,76.76827239990234,1954436
2021-02-23,76.31657333804469,77.53612454359236,74.16655500500217,77.3283462524414,2025816
2021-02-24,76.76826982068256,78.12332856387242,74.13043760719812,77.9155502319336,2719166
2021-02-25,77.25608249615934,77.41869408525099,72.43209294436923,72.6308364868164,5143927
2021-02-26,73.84138064153085,75.8649274169928,72.56762735535193,74.95252227783203,3851644
2021-03-01,75.855877192223,77.10252590959195,74.43758920792625,74.6182632446289,2590041
2021-03-02,74.97961411299106,76.55147188325893,73.84136835129463,76.23529052734375,3228641
2021-03-03,75.81071267010785,75.87394894671344,72.86573334110057,72.97413635253906,3365101
2021-03-04,72.8566893776309,76.00944668043321,70.33629476109707,72.64891815185547,3479660
2021-03-05,73.50711557510225,78.09623046536272,71.72747949657891,77.67164611816406,4389527
2021-03-08,78.0510556206869,80.79729787733497,77.7800410308402,79.60485076904297,2173949
2021-03-09,80.54436285334303,81.42062875577692,79.08993574306575,79.88490295410156,2586632
2021-03-10,80.96893740367607,83.87778415236228,80.27333850840955,82.74857330322266,3081749
2021-03-11,82.94731009394768,83.56159601834601,81.05926424038559,82.197509765625,2373524
2021-03-12,80.1558967081992,80.65275201981609,78.39433043544338,79.4151382446289,3466231
2021-03-15,79.92104284203785,81.41160206082789,78.7647345508546,81.3483657836914,2059389
2021-03-16,81.93554575196939,83.03765232085104,79.99329820314401,80.1378402709961,4137165
2021-03-17,79.94814702245128,91.7371134280022,78.86410266156409,91.1950912475586,10555504
2021-03-18,90.96922677794902,91.19506751446012,85.23283220082378,85.49481201171875,4651909
2021-03-19,85.40448370191056,86.84987601436774,84.02232765910328,85.92843627929688,3570771
2021-03-22,86.75049506754189,88.2049148170827,85.99165994298463,87.63579559326172,2530747
2021-03-23,88.17784933962572,88.4849888638065,85.44966863287083,86.03685760498047,1705276
2021-03-24,86.38011815121487,88.07844828926261,85.46771325770985,85.50384521484375,2592727
2021-03-25,85.08829053515224,90.18329488104372,84.4378655088082,89.55996704101562,3583787
2021-03-26,89.87617145091176,93.76066018993056,89.16250998023149,92.91149139404297,2811723
2021-03-29,93.2999127263463,94.42912353375782,89.6864395665489,90.02068328857422,2988676
2021-03-30,89.74969187797768,92.88437981733315,88.98182896118337,91.94487762451172,2007326
2021-03-31,92.64948751073426,92.69466135383219,91.15892867842783,91.44800567626953,1864358
2021-04-01,92.43268646763062,93.5528625638059,91.00536382000782,93.4354248046875,1839670
2021-04-05,94.11295538055884,94.77240809823472,92.66756317616816,94.64594268798828,1831406
2021-04-06,94.14006695629072,95.9739046801031,93.7606564283701,94.81759643554688,1647532
2021-04-07,95.0705177922395,95.30540042792178,93.11021498159045,93.3992919921875,1908881
2021-04-08,93.81484089548852,94.38396014381613,92.16167752505402,92.39655303955078,1748662
2021-04-09,91.80032332931474,95.50412981878416,91.30346802676297,95.32345581054688,1950717
2021-04-12,95.53125111703942,95.73902234769263,93.65223967321157,94.72724914550781,2058459
2021-04-13,93.94131011505777,94.74531203011287,92.27008425847329,93.71546936035156,2143888
2021-04-14,93.11924658203215,94.26652702367822,92.84823909797281,93.08311462402344,1576048
2021-04-15,94.20329537379368,94.48333764097777,92.69467391933935,92.97471618652344,2350488
2021-04-16,93.29991929369017,96.11843268609246,93.29991929369017,95.648681640625,2659149
2021-04-19,95.73900314671486,95.9016147341591,93.02890020420196,93.95033264160156,2403584
2021-04-20,93.95034855080452,94.1495710220518,89.08757174778698,90.64511108398438,2434884
2021-04-21,90.77187425511254,92.80030356163064,90.56360239656443,92.34752655029297,1441035
2021-04-22,91.49631521059648,91.87664705803721,90.05649667825342,91.23371124267578,2321564
2021-04-23,91.70459708434693,92.81841590564161,90.74471803273806,92.2388687133789,1695463
2021-04-26,92.69163557106197,94.22201236136418,92.24792221983616,94.00467681884766,1860846
2021-04-27,94.76533816752907,95.5078888193559,93.36174572528779,93.66057586669922,1547950
2021-04-28,93.35269245535078,94.08618659271556,92.76408869206558,93.47041320800781,1206131
2021-04-29,94.26729252652407,95.74333015071267,93.74207742911224,95.1185073852539,1635652
2021-04-30,94.77439321360346,94.98267222366906,92.62825015336848,93.81451416015625,2841060
2021-05-03,94.9102419689155,96.57644576450713,94.43030236670133,95.93350982666016,1878097
2021-05-04,95.53505475619502,97.29180937629907,94.32162115702292,96.89337158203125,1894935
2021-05-05,97.17408774588931,97.3008650285347,94.80155980803352,95.58938598632812,1607658
2021-05-06,95.98784709742596,96.53117538215771,94.55708475532543,95.7161865234375,1400851
2021-05-07,95.84294022566577,98.00719645065294,94.63857022845572,97.84420013427734,1417276
2021-05-10,97.57252938103906,100.16239296408314,97.01109526349161,97.7626953125,1688645
2021-05-11,96.03311863970471,96.60361652626847,92.42905044669789,93.67870330810547,2330448
2021-05-12,92.81841847720186,93.41607876601654,86.59732468613409,87.05009460449219,4716575
2021-05-13,87.57531195149004,90.0112287336346,87.176874127658,89.38640594482422,3887799
2021-05-14,90.34628614731334,91.06166721287491,89.40451297726403,90.29195404052734,2327659
2021-05-17,90.02934360332252,90.32817376132222,87.40326082918905,88.82496643066406,2502029
2021-05-18,88.82496234389613,89.05134730295656,86.37093254494276,86.5248794555664,2979688
2021-05-19,85.11222154411354,86.71504357802995,83.70862911787171,85.8909912109375,3998640
2021-05-20,85.90910447777038,87.28553442359622,85.53782915528213,86.28943634033203,1984703
2021-05-21,86.9957512409472,87.63868701103955,85.47443109505345,85.6555404663086,1638751
2021-05-24,86.33472558688459,86.62449923139118,85.61934444874956,86.05400848388672,1450745
2021-05-25,86.59730831588023,88.98794188246283,86.59730831588023,87.60246276855469,2423935
2021-05-26,87.83791770172158,90.0383928437143,87.67492139332482,89.4769515991211,2868538
2021-05-27,90.11083839189826,90.69038558193985,89.34111813615908,89.60372924804688,2283860
2021-05-28,90.40968070232667,90.608896061308,88.76158289961414,89.65807342529297,1514068
2021-06-01,90.63604648818612,91.25181265382895,88.37218286889696,89.19622802734375,1868387
2021-06-02,89.39544856138384,89.39544856138384,87.0863022953588,87.24930572509766,2675470
2021-06-03,86.32564927637915,86.78747569352745,85.03977768521055,85.9996566772461,2669479
2021-06-04,86.51583640978852,87.66588160171054,85.429179872701,87.47571563720703,2350178
2021-06-07,87.56624981363598,87.67492115569256,85.57405368506645,86.71504211425781,1854235
2021-06-08,87.0591720246441,87.50288550917284,86.47962467732869,86.82373046875,1491549
2021-06-09,87.24930390827078,87.46663229439356,84.7137727653267,85.03071594238281,1824071
2021-06-10,84.77716847998634,84.77716847998634,81.97903315961328,82.53141784667969,3531517
2021-06-11,82.84836893924462,84.04368241330705,82.83025585824628,83.98030090332031,1995653
2021-06-14,83.8988050665376,84.88584672543914,82.48615593156703,83.34642028808594,3247339
2021-06-15,83.34639355394799,84.25194032567968,82.45895985867654,83.80821990966797,2422592
2021-06-16,84.17951313117582,84.31534696012773,82.33220017709309,82.71253204345703,3767041
2021-06-17,82.99324344103502,87.28552933956477,82.99324344103502,85.70987701416016,6627728
2021-06-18,87.15876625106567,90.33723390129394,86.27133228236816,88.89741516113281,7851007
2021-06-21,89.25057698574358,90.08367884082817,87.61154289849752,88.38125610351562,3890175
2021-06-22,88.49896014508151,89.39545048088415,87.8379112831208,89.19622802734375,2615040
2021-06-23,89.35924303086503,89.44980130570609,86.29850323016497,87.81981658935547,2852939
2021-06-24,87.81980161788698,88.22729594331668,86.85086606706885,88.08241271972656,2718030
2021-06-25,88.16390108152744,88.68911611139207,87.15874657992818,87.91940307617188,3183189
2021-06-28,88.40840637757596,89.51317576227025,88.07335722833021,89.11473083496094,1802792
2021-06-29,88.96985867289017,91.81326993544995,88.78874926616162,89.84823608398438,2570414
2021-06-30,89.93878801881135,90.71755776099447,89.3773538486877,89.96595764160156,2285926
2021-07-01,90.2836866347641,92.80745574647375,89.72991556973827,92.39893341064453,2806764
2021-07-02,92.66221820663512,92.9527228548654,91.60913080769733,92.04489135742188,1945036
2021-07-06,91.52742176099952,91.78160883186442,89.63913099820687,90.62866973876953,3475632
2021-07-07,90.6014500259902,93.31586542003386,90.6014500259902,92.72577667236328,2875872
2021-07-08,89.87517039098667,91.10074463630535,88.54974434516201,89.3940200805664,4613998
2021-07-09,90.20198570336088,90.91917142050474,89.42125143186519,89.81161499023438,2131596
2021-07-12,88.9491849707345,89.92963718632582,88.49526568067166,89.58466339111328,1789363
2021-07-13,89.16706272924979,89.16706272924979,86.84301854505676,86.9701156616211,2351831
2021-07-14,87.7690062099258,88.40448461955116,86.97011313816914,87.45126342773438,1391451
2021-07-15,86.95195941255233,88.241082236043,86.53435765517663,87.93241882324219,1512209
2021-07-16,88.01413146253203,89.17615008102798,86.9519646520289,87.1153793334961,1675733
2021-07-19,85.76268344467884,87.93239908021182,85.39955094112297,87.29692077636719,2337059
2021-07-20,87.55112497445938,89.85701753971709,87.1426026165339,89.42125701904297,2015590
2021-07-21,89.72991874761229,91.3730875362154,89.502962681309,91.32769775390625,2089036
2021-07-22,90.46525653671544,91.14613189354753,89.1670615352401,90.88285827636719,2009392
2021-07-23,91.51834941656011,93.67898619110926,91.23692416211084,93.37940216064453,1774797
2021-07-26,93.4701796402999,94.06934768782612,91.55465776577695,91.97225952148438,1507457
2021-07-27,91.94503020808136,93.44295035451508,90.84655304911063,92.95272064208984,1597121
2021-07-28,92.47154987776076,93.46108131709954,91.20966547849409,91.60002899169922,1374716
2021-07-29,92.60773438973479,96.87453102094408,92.16289452215725,96.65665435791016,3134329
2021-07-30,95.52186917166208,97.6098777567318,95.11334684161149,95.45832061767578,2102775
2021-08-02,96.49325352190884,97.34660861420659,95.24952054608575,96.09380340576172,1921587
2021-08-03,96.32983835102222,97.45555359449703,95.10427131117314,97.40107727050781,1311394
2021-08-04,96.63851431189782,98.00933741777725,95.703451771289,95.72160339355469,1614166
2021-08-05,96.01209949303768,96.94716188060903,95.34938294246278,95.73066711425781,1539170
2021-08-06,95.7124988505265,96.62940230459583,94.09656141934012,94.4596939086914,1285362
2021-08-09,94.24183061688241,95.32214893442456,93.43386530296003,94.214599609375,1084030
2021-08-10,94.41429320280798,97.27396323068865,93.96038118666337,95.97576141357422,1075146
2021-08-11,95.95762083497073,98.88083258514715,95.40384267396571,98.8082046508789,1246108
2021-08-12,98.74465644004307,99.44368331721579,97.11963949598953,97.50093078613281,1101488
2021-08-13,97.90037482833006,98.499542774209,96.91084335638172,98.19995880126953,1108202
2021-08-16,97.76421567673033,99.98840097982502,97.3012241332181,98.735595703125,1752898
2021-08-17,97.25582191723223,97.60987507051637,93.83330094739513,94.93177795410156,2141719
2021-08-18,93.7697636593431,96.03933872958477,93.12520582758411,94.42340087890625,1434114
2021-08-19,93.18875046160528,94.68667051724114,92.88916645047811,94.214599609375,1391554
2021-08-20,94.06933826181708,95.92131139089271,93.61542615513231,95.6126480102539,1099938
2021-08-23,96.01211706607943,96.05750685476028,92.99811775962915,94.8228530883789,1849483
2021-08-24,95.45832138017151,98.54494092499301,95.16781676880967,97.17411804199219,1560656
2021-08-25,97.42830865512582,98.84452126614897,96.58402585862906,98.25443267822266,1437006
2021-08-26,98.15459180107642,98.36338911457983,95.90316821108622,96.47510528564453,1254165
2021-08-27,96.87454320312013,98.59034002717004,96.33892371017554,98.00933074951172,1116363
2021-08-30,98.05472557451964,98.45417573385586,96.72022004488694,97.9185562133789,1463451
2021-08-31,98.18181843622398,98.4178539043226,96.75652623966563,97.41924285888672,1658998
2021-09-01,97.70066028555,99.81590709578299,97.03794371941719,98.58126068115234,2135004
2021-09-02,98.6811328509316,99.452787857794,97.56450401130878,97.60989379882812,1610137
2021-09-03,97.27399194231275,97.27399194231275,94.97717871889382,95.87593078613281,1269144
2021-09-07,95.17689472401345,96.3479925388788,94.19643541500453,94.75021362304688,1464071
2021-09-08,92.87099673092325,94.20550911997148,91.28229729781181,91.67266082763672,2519384
2021-09-09,91.77254077071805,92.03580724085842,90.29277228626756,90.98272705078125,2322701
2021-09-10,91.64543595982435,92.65312628146982,90.41078242845992,90.54695892333984,2179423
2021-09-13,91.02811704343137,91.22784210949358,88.20476372912204,90.25646209716797,2778357
2021-09-14,91.1098263206954,91.4366413578468,88.67683654414202,89.50296783447266,2108353
2021-09-15,89.16706529496763,89.75715395688296,88.15029548795401,89.37586975097656,2013007
2021-09-16,89.12168017235548,91.92687488752738,89.06721099723394,91.00996398925781,1838947
2021-09-17,90.6468129389149,92.29906809723369,90.6468129389149,91.94501495361328,3223683
2021-09-20,89.62098404628159,91.291391064934,87.66914462542121,89.23969268798828,3533170
2021-09-21,87.50573962191756,89.74807658762971,86.70684648602484,88.758544921875,3296406
2021-09-22,90.5197393537678,90.7557748255106,88.79485594671424,89.03089141845703,2362988
2021-09-23,89.37585715469021,91.37307893588324,89.03087623924172,90.3381576538086,4214124
2021-09-24,90.04764714106871,91.1098137521809,89.19429211416536,90.7466812133789,2160106
2021-09-27,90.00226413230304,90.76483965924469,89.14890904121104,90.32908630371094,2095234
2021-09-28,89.15797114335143,89.72082870330529,86.38001519843536,87.34231567382812,2185002
2021-09-29,88.06859748928571,89.8388635188993,87.37864269880889,87.4603500366211,3984901
2021-09-30,88.18660520396044,88.59512753708492,85.02735056431554,85.0455093383789,2664417
2021-10-01,85.70824044251644,86.01690388021773,84.64608076508792,85.06368255615234,3203333
2021-10-04,84.44635465595672,85.3360274039706,83.63838924935291,83.78363800048828,3458897
2021-10-05,83.77455652330869,84.83671607065142,82.97566343855746,83.38418579101562,3183499
2021-10-06,82.86673411483224,85.53575235478306,82.86673411483224,84.65515899658203,2726913
2021-10-07,85.24523893491738,86.92472529214041,85.24523893491738,85.39048767089844,1706516
2021-10-08,85.35418011838306,85.96242755462849,84.6460737256524,85.1998519897461,2376933
2021-10-11,85.11814606385586,85.91703919324254,84.7277824645102,84.88211059570312,1534315
2021-10-12,85.00918874836029,86.27107314450042,84.73683578910718,85.81715393066406,2445834
2021-10-13,86.04472845379327,87.01868423056165,85.58050922326996,86.51805114746094,2379619
2021-10-14,87.23713479699026,89.67657586270944,86.98227370885726,89.50363159179688,2462362
2021-10-15,90.0224595281191,90.7779536363107,88.37492655172946,88.40223693847656,2188204
2021-10-18,88.88466559600724,91.26038236194893,88.5387770630025,91.14205169677734,2570104
2021-10-19,91.3514242508563,91.61538883671818,90.12260009238219,90.89630126953125,1886155
2021-10-20,91.34231683533434,93.78175094512186,91.02373147956223,93.0444564819336,2217025
2021-10-21,92.1615472440032,92.95345547908978,91.72463111882928,92.31629180908203,1752484
2021-10-22,92.4346078884235,93.53599073195609,91.18757679456692,91.4788589477539,2560187
2021-10-25,91.3241075003603,92.64395185896396,90.93270879392864,91.30590057373047,3283390
2021-10-26,91.7428085781993,92.05229043520718,90.53219153772548,91.4333267211914,2771849
2021-10-27,92.12511806112252,94.72839289815549,90.67783957853304,90.76885986328125,3887179
2021-10-28,91.10565990166775,91.7610303984147,90.71425399218069,91.26950073242188,1841839
2021-10-29,90.80528460054475,92.27986647581756,90.19542422894926,90.96002197265625,1813845
2021-11-01,91.08744715713226,92.67126327447629,90.23182202828065,92.05229949951172,1685339
2021-11-02,92.19794720710233,92.34358111105183,90.32285599405708,91.01463317871094,1931400
2021-11-03,91.08743943377064,94.09122341974414,90.987315692148,92.76227569580078,1885432
2021-11-04,93.17189007572442,94.88314034953434,92.05230036593098,92.29806518554688,1998338
2021-11-05,93.26290196537049,95.38375035279272,92.88059960452573,94.92863464355469,1661684
2021-11-08,95.12890421274776,95.86619149045283,94.30058230094446,95.05608367919922,1055623
2021-11-09,96.03002839008052,98.46946217915496,95.67502922676049,97.99613952636719,1700938
2021-11-10,97.18603599278545,98.57870090055975,95.24723501699184,95.63863372802734,1959808
2021-11-11,95.87528427790394,97.41359007961859,95.8479810644448,96.86744689941406,1315835
2021-11-12,97.3498767447261,98.80625144064953,96.7946300808615,98.51497650146484,1223175
2021-11-15,98.50589621462181,98.50589621462181,97.23156895258859,97.30438232421875,2020755
2021-11-16,97.55012616296234,99.46162381788974,96.70360454314084,98.3784408569336,1457150
2021-11-17,98.66061065993884,100.92710012319752,98.15997763381566,100.47197723388672,1504564
2021-11-18,101.5096780522089,101.82826344551758,99.78022781117653,101.1546859741211,1570986
2021-11-19,101.03632808808122,104.12202873230459,100.83607344136585,101.42772674560547,1977782
2021-11-22,102.00120847514201,102.58375847812276,100.25355129246873,100.31726837158203,1823452
2021-11-23,100.18071045836739,101.02723207104148,98.8790730931169,100.76326751708984,1721494
2021-11-24,100.2899430187853,100.76327289605518,99.57995896347543,99.89854431152344,1741121
2021-11-26,98.28741827561913,99.32509107140203,96.83103641118413,97.43179321289062,1196937
2021-11-29,98.19638645152263,99.14303892550772,96.53975717607474,97.62294006347656,1599910
2021-11-30,97.33169584055024,99.38882789030015,94.86495090015464,95.62044525146484,2890437
2021-12-01,99.42522739776221,101.18198788539894,97.50462608175849,98.82447052001953,2811413
2021-12-02,99.62545198581134,103.78523902732579,98.9336749760516,102.95692443847656,2528164
2021-12-03,103.69424369726256,104.3769174094468,101.0363478652784,102.23786163330078,2341295
2021-12-06,103.23001009912008,105.08689423252424,102.39259190510897,104.48613739013672,2426001
2021-12-07,105.39638667734313,105.47831068177896,103.70334319302755,104.51345825195312,2063417
2021-12-08,105.14150034485564,105.91520858788083,104.00370381074669,104.98676300048828,1693294
2021-12-09,104.86842959146698,106.72531354397691,104.07652161751511,105.16880798339844,2142339
2021-12-10,105.82418678047229,106.72532202790065,104.43152191195031,106.41584014892578,3864556
2021-12-13,106.79815074722269,106.98930196716155,102.81130704128776,102.99335479736328,4704075
2021-12-14,101.94659091988521,102.62016837001768,99.92585856948781,101.17288970947266,4402233
2021-12-15,101.50056843685279,103.11168788755866,100.08060021054875,102.9387435913086,4180861
2021-12-16,99.08842301082501,100.97261741515739,97.23154616848227,98.72433471679688,5869506
2021-12-17,98.52408868385511,98.76985350479637,95.33825664889942,96.33951568603516,5408995
2021-12-20,95.07428254542039,96.78553278606302,94.13674060263489,96.31221008300781,3243103
2021-12-21,97.35898307324271,99.3433014231457,97.25885932018481,98.96100616455078,2518454
2021-12-22,99.14304488199137,102.35617988801322,99.10663103057585,102.2651596069336,2165685
2021-12-23,102.59284515191281,102.83860996345078,101.28210427286358,101.9920883178711,1494751
2021-12-27,102.72937508639147,103.31192495055664,101.77362630116795,103.28461456298828,1320794
2021-12-28,103.31194440975321,104.77742280871735,103.1936137221276,104.22218322753906,1265218
2021-12-29,104.2130799480473,106.24290856975627,104.2130799480473,105.67855834960938,1305919
2021-12-30,105.64212526815305,106.09724097726176,104.64086640387654,104.90483093261719,1051284
2021-12-31,104.84113057186016,106.2520024075365,104.34050464684536,105.73316955566406,972569
2022-01-03,105.44188683440784,105.91521671396366,101.17287901859736,101.77363586425781,2524549
2022-01-04,102.26515083457373,102.95692786737254,101.33670530906437,102.43809509277344,2227871
2022-01-05,102.22875018234356,105.13241061944862,100.46289352411138,100.86339569091797,2900148
2022-01-06,100.49930652786253,100.49930652786253,97.28617118049709,98.36935424804688,3200234
2022-01-07,98.5422882244151,98.5422882244151,93.5632894551436,93.70892333984375,4587656
2022-01-10,92.39817106818668,94.88312200056748,91.4242154415728,94.69197082519531,2791373
2022-01-11,94.78300841474623,98.30563267588376,94.28238249107785,98.05986785888672,2722472
2022-01-12,97.76859615222287,99.35240514657438,97.36808679148363,98.25102233886719,2320738
2022-01-13,102.39257917271694,102.40168263491353,97.64114580442323,98.7971420288086,4782790
2022-01-14,98.7516418418428,99.88033496709542,97.27706016064225,98.45126342773438,2300698
2022-01-18,96.6580857359168,96.87654013161466,91.84292817862304,92.20702362060547,3484929
2022-01-19,89.34889516800956,91.79743274458878,87.94713394821953,88.16558837890625,4259472
2022-01-20,89.84952261767837,90.27733516228112,86.90945558342226,87.02778625488281,4409051
2022-01-21,86.85486116593147,89.29429566424903,86.38153837552946,86.75473022460938,3261594
2022-01-24,85.47127339191557,91.13294539230264,84.67936543672074,91.03282165527344,4327960
2022-01-25,89.20324741330225,90.35014016995372,87.5739213786643,89.15773010253906,3605170
2022-01-26,90.42326138016776,91.10856584716835,83.77126979130796,85.11445617675781,4406571
2022-01-27,83.68904691621518,86.28405729522433,83.26872858726655,83.81697082519531,3465508
2022-01-28,84.24640638292065,85.41598376817282,81.41382580114565,85.36116027832031,2767614
2022-01-31,85.28805928667401,87.87393054512783,85.03221873627608,87.81910705566406,2642414
2022-02-01,88.65061047631261,89.05265179144203,85.38857331129054,87.43534088134766,2589524
2022-02-02,88.40390874810738,89.45470076665053,87.1977774981382,89.10748291015625,1953300
2022-02-03,88.45872523508012,88.45872523508012,86.55815122135175,86.64952850341797,1565718
2022-02-04,85.58045936217904,85.84544558008241,82.48289959418886,82.51031494140625,2715964
2022-02-07,83.27785848997237,85.13274057718671,82.45549161684127,84.09107971191406,2919775
2022-02-08,83.91745905944505,85.83630282685986,82.97631407296609,85.69010925292969,2457404
2022-02-09,87.0059052136608,89.08921987818006,86.80488090694467,88.02928924560547,2492629
2022-02-10,85.20584894665674,88.1754853734896,83.62508420172676,84.04540252685547,3440406
2022-02-11,84.84033379916227,85.97336459528624,83.24129253583239,83.64334106445312,1849173
2022-02-14,83.3418104564544,84.72155059458386,82.46462019034472,82.7752914428711,1965696
2022-02-15,83.93573311315635,84.23726590071496,83.15905862414766,83.95401000976562,1807337
2022-02-16,83.41491928336492,84.42916478009477,82.64737592255315,84.08193969726562,2104944
2022-02-17,83.81695379671291,84.06366311372376,81.58743869594402,81.62398529052734,2354620
2022-02-18,81.8250171734689,82.66565373875686,80.77421786620889,81.71537017822266,2194815
2022-02-22,80.40872526451695,81.50520234985291,77.90508542323569,78.66349029541016,2422075
2022-02-23,79.09294822791638,79.2574259293482,74.97200406660441,75.22785186767578,3163253
2022-02-24,73.05316188016035,80.8656008578782,72.66025171800814,80.17115783691406,5069964
2022-02-25,78.93761658481418,83.25958506942698,78.93761658481418,82.9946060180664,3187735
2022-02-28,82.1630877317287,83.57938167098628,81.4412366894998,82.12654113769531,3149514
2022-03-01,82.45549007472204,83.86264570144678,81.34987448350262,82.54686737060547,2705220
2022-03-02,83.19561519127825,84.96826553725225,82.72047343285837,84.1093521118164,1720771
2022-03-03,85.07792467443159,85.07792467443159,81.51435377619491,82.13569641113281,2083044
2022-03-04,82.39153066619177,82.61996309102176,80.45440987713812,81.45037841796875,2113931
2022-03-07,81.62399881253981,82.34584998521444,75.89488168356566,76.07762908935547,3046524
2022-03-08,75.85831727086624,79.97012972534247,74.95371881893345,76.52534484863281,2149983
2022-03-09,78.65435706940157,81.03006598024402,78.43505587673141,79.95185852050781,2366190
2022-03-10,77.90508022857598,80.70111425292909,77.80457169612444,80.49095153808594,2762449
2022-03-11,80.92955518034624,81.30418840625245,79.02898810460734,79.10208129882812,1546298
2022-03-14,79.34877863877092,79.34877863877092,75.4014442929191,76.15070343017578,2778254
2022-03-15,76.52535651059516,79.01985827078568,76.36088600371578,78.82797241210938,2161862
2022-03-16,79.67774008020129,81.78846992649304,76.63499637911187,80.8747329711914,3542880
2022-03-17,81.57829441301097,82.79356401321544,79.32137132803027,81.58743286132812,3671798
2022-03-18,79.87875168047663,84.84947749522703,79.87875168047663,84.55708312988281,6049971
2022-03-21,83.83524795145041,84.23728937982159,79.81480486253507,80.60975646972656,3376051
2022-03-22,81.2219464019344,82.34583883463837,79.65945881446564,80.71025085449219,2302867
2022-03-23,79.65032022040285,79.85134449957532,77.44822040393467,77.5487289428711,2778770
2022-03-24,77.1649536620933,78.30713013891895,76.04106128417034,76.64412689208984,4212471
2022-03-25,77.0004705871385,77.46647378937386,74.85319471689478,75.63900756835938,4079627
2022-03-28,75.57506611733686,76.63499666871215,74.54254371400916,75.39231872558594,4119914
2022-03-29,76.20552881453757,78.74571502870191,76.20552881453757,78.34367370605469,4090267
2022-03-30,78.28885570379668,78.43504928532441,76.33345804030486,76.89083862304688,3385761
2022-03-31,76.36088418905184,77.32030625833265,74.09482214378492,74.16791534423828,3962795
2022-04-01,75.17302836763197,76.03193466918522,74.10395211352673,75.22785186767578,3673968
2022-04-04,75.34664947003336,75.76696783902587,74.65220635531007,75.20958709716797,3185772
2022-04-05,74.73440919073133,75.62073055861943,71.76476668431896,72.06629943847656,4546130
2022-04-06,71.04293666495236,71.16172211210416,68.59412732336934,68.94134521484375,5323256
2022-04-07,68.53016289788948,69.50786178970922,66.71182745640975,68.22863006591797,4009280
2022-04-08,68.14639808405971,70.43074427870175,67.6621250154992,68.45706939697266,3375844
2022-04-11,67.98191658966385,70.7322585071824,67.73520726932371,69.73628997802734,3232670
2022-04-12,71.75564027299978,72.81557791463591,69.41647822441907,69.90989685058594,3417784
2022-04-13,69.15149721515228,71.77391509497875,69.15149721515228,71.24394989013672,2492526
2022-04-14,71.45410833618595,72.4592224983788,69.84593575849657,70.14746856689453,2127154
2022-04-18,69.59009734838108,70.89673715810902,68.97789326370307,69.46217346191406,1788639
2022-04-19,69.66320077575445,72.99833915927785,69.60837727368427,72.68766784667969,2729496
2022-04-20,72.95263965045164,74.22272559823028,72.58714490821487,72.92522430419922,2301008
2022-04-21,74.31409863591767,74.78924033340188,71.636850162156,72.203369140625,2568245
2022-04-22,71.81961197656952,71.87443547567413,70.19316229966539,70.33936309814453,2008462
2022-04-25,69.87565523024419,73.40157804920678,69.37064525597265,73.08938598632812,2617519
2022-04-26,72.39156268811246,73.81478271608977,70.88570122993191,70.90406036376953,2441082
2022-04-27,71.25297186939189,72.20790716593592,69.28800217545594,69.59101104736328,2747573
2022-04-28,71.01422665606171,72.87818826938735,69.21453284364897,72.16197967529297,2664210
2022-04-29,71.79470995925458,72.6302782901225,69.8848322521486,70.23375701904297,2836618
2022-05-02,70.11440795370356,71.62944536495577,69.08600699368812,71.51007843017578,2763792
2022-05-03,71.71209215871741,72.85985290280081,70.74797342314947,72.71293640136719,2483435
2022-05-04,72.72210859444377,76.78977448807996,71.1703385608165,76.60613250732422,3486478
2022-05-05,74.37488191745264,75.34818363286433,71.33560985278223,72.35482025146484,3549285
2022-05-06,71.17951985578208,72.67619797910649,69.15945812109408,72.1160888671875,3195482
2022-05-09,70.7755174640314,73.6035983854825,70.18785874065712,70.95915222167969,2796434
2022-05-10,72.37318296650346,72.62109997482553,68.82890109164028,69.56346893310547,2782695
2022-05-11,69.21455236607105,69.54511082862389,64.88979345497265,65.46826171875,3497635
2022-05-12,65.1928060899341,69.65529855186877,64.89898034895539,68.28717041015625,3206122
2022-05-13,68.89317131734025,70.8948663742566,68.4065205182608,70.4816665649414,2821433
2022-05-16,70.15113277410867,70.42659214531827,66.77212589232427,69.22373962402344,2170643
2022-05-17,70.75714383365123,71.33561207592662,68.9574568170702,71.17951965332031,1817150
2022-05-18,69.52674250736797,69.52674250736797,66.10182723416757,66.4782943725586,2672061
2022-05-19,66.23956066950015,68.32389023856138,66.2028279320838,66.72621154785156,2317742
2022-05-20,68.00251560373448,68.47080735430113,66.166103048883,68.3514404296875,2475688
2022-05-23,68.86562821318864,69.52673783878838,67.35976699729194,68.08515167236328,2136761
2022-05-24,67.57093476260411,67.8555844420763,64.78877089404224,66.101806640625,2236548
2022-05-25,66.04673643530154,69.83893572402857,65.87227763977944,69.53592681884766,2212170
2022-05-26,70.05930446734148,72.77720147844221,70.05930446734148,72.4558334350586,2221673
2022-05-27,72.94248734816468,74.59525802983896,72.31810313174633,74.5309829711914,1640611
2022-05-31,73.58523295520038,74.29225138545769,72.72211484777417,73.68623352050781,2755424
2022-06-01,74.0994283350404,74.23715439554748,72.78638489374329,73.116943359375,1519853
2022-06-02,73.65868881586191,74.2279739211358,72.44665312521116,73.59441375732422,2058666
2022-06-03,72.49255666693898,74.20042633461114,71.98753941950528,73.63113403320312,1327612
2022-06-06,73.78722654666711,74.76052820980986,73.05265870757437,74.42996978759766,2156801
2022-06-07,73.53012653366773,74.68707015938428,72.6119167325791,74.56770324707031,1923962
2022-06-08,73.69541643464676,74.0443340558364,72.07937121291108,72.66702270507812,2510810
2022-06-09,72.10691086409385,74.0535145009908,72.08855173077288,72.24464416503906,2792302
2022-06-10,71.28971512426322,71.52844900786535,68.35145027149404,68.36062622070312,2782695
2022-06-13,65.77125470070445,67.92904927798948,63.246183484540374,64.28376007080078,4681969
2022-06-14,64.28377105853245,65.32134782214112,63.02582682661989,63.484928131103516,3283287
2022-06-15,64.11848653794029,64.66941236861365,61.648507100845954,63.328826904296875,3238352
2022-06-16,61.639342486673506,61.76789260954397,58.177694064255874,59.21527099609375,4228379
2022-06-17,58.62760591391705,60.08755847144323,57.424753558444884,59.34381103515625,5632536
2022-06-21,60.55584703378027,62.60345474939543,58.60006392646096,60.2803840637207,5808869
2022-06-22,59.701916727309,63.09010660752908,59.23362858550389,62.1259880065918,3696281
2022-06-23,62.50244259897662,65.73453977502496,62.43816754861634,64.926513671875,3693698
2022-06-24,65.57844557061723,66.73538197244282,64.80714498733178,66.0467300415039,3844826
2022-06-27,65.97325657309878,66.96492438741559,65.01832148467494,66.101806640625,1984600
2022-06-28,66.36809689165825,67.02920649684778,63.953209110546965,64.03585052490234,2196261
2022-06-29,63.723656077232775,64.39394884067801,62.23616133056925,63.94403076171875,2012594
2022-06-30,63.044187683274444,65.35807510999568,62.62181186643179,64.79796600341797,2580847
2022-07-01,65.30298001847758,68.70035275392486,65.30298001847758,68.49834442138672,3651242
2022-07-05,67.99333578244573,71.06933333040105,67.67196052812004,71.06015014648438,5739245
2022-07-06,71.58145877755226,71.88594305061984,69.07176868128276,70.70491027832031,3445365
2022-07-07,71.13857597595684,71.71986814416094,70.08672642322365,71.69218444824219,2307412
2022-07-08,71.0278535726746,72.93780310748012,71.0278535726746,72.3288345336914,2153598
2022-07-11,72.02437047989295,73.30688873269035,71.86751070730767,72.61488342285156,2487051
2022-07-12,71.69218406549106,74.08192620066292,71.55378013021169,72.23656463623047,3538851
2022-07-13,69.89296309189872,72.93780608514722,68.93337797203563,72.7071304321289,3612917
2022-07-14,71.92285625318607,72.47646475184301,70.37275827437709,71.54456329345703,1827687
2022-07-15,73.22382198566505,73.27918209676176,70.56650756587729,72.05201721191406,1973237
2022-07-18,72.15351479529735,72.84552714211776,70.91712919498484,71.28620147705078,2515665
2022-07-19,72.07048595096178,73.40837129830368,71.00018058180342,73.21460723876953,2393461
2022-07-20,73.47297071635106,73.59291887584395,72.24580542071344,73.04853820800781,2723091
2022-07-21,72.51336216891052,75.82578494623904,71.87671718276268,75.7335205078125,3279775
2022-07-22,76.4808959497641,78.96290275401444,75.57667088212051,76.65620422363281,3352188
2022-07-25,75.55819522114788,76.3055676173265,74.66319828820694,75.29985046386719,3225026
2022-07-26,74.54326502662963,75.29986547060099,73.7313044613662,74.77393341064453,2525788
2022-07-27,75.26294905635054,77.48661075165685,73.75898343533682,77.11753845214844,3053031
2022-07-28,77.50504977769779,79.16587492194212,76.99758088190748,78.61226654052734,3288659
2022-07-29,78.57537383663858,78.57537383663858,76.82228400562545,78.42774200439453,2747677
2022-08-01,78.41850588812154,79.6733545153326,77.24670833860559,78.63995361328125,2791683
2022-08-02,77.44970024892835,78.15094053658099,75.29986170940437,75.65970611572266,3930358
2022-08-03,76.32403869846989,76.96068372985887,74.7370291617435,76.17640686035156,2827114
2022-08-04,76.18563876752243,78.99981356438391,75.59512592755662,78.79682159423828,2919775
2022-08-05,77.10831403099954,78.61227971983278,76.61929357568847,78.17861938476562,2391808
2022-08-08,78.79680030571177,80.7436538435377,78.79680030571177,79.9686050415039,1831509
2022-08-09,79.7379540954042,79.89480656066993,77.3113002948063,77.75418853759766,2475378
2022-08-10,80.09779566517923,82.12768610135797,79.96861962931169,80.53145599365234,2424141
2022-08-11,81.1588785137613,82.404499462805,80.55913778710622,80.9743423461914,2671235
2022-08-12,80.42072740974321,81.51871642817555,80.07011090094656,81.44490051269531,2147400
2022-08-15,81.2050118913943,82.19228076550878,80.66985917937514,81.26959991455078,2318259
2022-08-16,80.67907586196854,82.0907770040783,80.00551929800211,81.26036071777344,2515458
2022-08-17,80.04243013646546,80.46686253772356,78.75990503478313,79.54418182373047,3559305
2022-08-18,79.78406607344283,79.81174249121396,78.63071717249528,79.0274658203125,2046063
2022-08-19,78.20629428167794,78.42773473773903,76.76690950192007,77.35742950439453,3107677
2022-08-22,76.0933651757384,76.64696635182838,75.53975672786102,75.89037322998047,2464118
2022-08-23,76.25944829954473,76.80382886897011,75.74274415403579,75.76119995117188,1902993
2022-08-24,75.20757701132713,78.41849969039563,75.03226878763112,77.32051086425781,2141822
2022-08-25,75.81656890638939,78.57538366929835,75.81656890638939,78.33548736572266,2731975
2022-08-26,78.38160778793102,78.52001171816222,73.5283150494593,74.11882781982422,3407764
2022-08-29,73.42681276978502,74.66320565506737,72.9193438303739,73.72207641601562,2054017
2022-08-30,74.30335754365531,74.7277899241096,72.49490779594342,72.81784057617188,2211550
2022-08-31,73.43604770880104,73.47295930401255,71.4522894351815,71.46151733398438,2318259
2022-09-01,70.83409199994453,71.50764861401332,69.28399408796965,71.49842071533203,2961301
2022-09-02,72.39342543323123,73.32533422134996,71.26775983955493,71.84904479980469,2463292
2022-09-06,71.79366952107789,72.00588935293926,70.02213131526635,70.62187194824219,2238821
2022-09-07,70.68646319112257,72.16274509677243,70.68646319112257,71.87671661376953,1611996
2022-09-08,71.14780857246997,72.42110596126547,70.5296120406759,72.3472900390625,1651354
2022-09-09,72.55950093929606,74.00810641943286,72.31037677751618,73.64826202392578,1448266
2022-09-12,74.4694464484321,75.41058302036615,74.01733759539317,74.37718200683594,2032221
2022-09-13,71.7567694495463,71.85826178673847,68.41667023079458,68.49048614501953,3766628
2022-09-14,68.69346749177393,69.02563545380173,66.87578977789332,67.76156616210938,3953807
2022-09-15,67.93688959385756,69.4869877051144,67.56781722988427,68.11219787597656,2760383
2022-09-16,67.98301658071526,70.26203861615394,67.74312028980468,69.92987060546875,5516117
2022-09-19,70.84332304585176,72.62409668860678,70.81564662036614,72.40264892578125,3363964
2022-09-20,71.03709263508101,71.84904601321259,70.30817581165114,70.93560028076172,2134901
2022-09-21,71.44306549153436,72.7901788119992,69.92064389947318,70.04981994628906,2477547
2022-09-22,70.40965325981962,72.60563116501615,70.40042536196444,71.44305419921875,4928030
2022-09-23,70.21589649919234,71.15703310117735,69.28399506780698,71.11090087890625,3613227
2022-09-26,70.37276685529157,71.21240396884339,67.89998047207999,68.00148010253906,3061399
2022-09-27,68.9518381371831,70.06828318043247,67.14338783342778,67.78926086425781,2861513
2022-09-28,68.66579407039107,71.95053315582402,68.4720300233909,71.48918914794922,2916262
2022-09-29,70.09593693197455,70.35428896943972,68.73037538154821,69.17326354980469,1865598
2022-09-30,69.09946356458086,70.30817295464158,67.99224652471524,68.78575134277344,2664314
2022-10-03,69.99445316759896,72.47645970370503,68.8687877223198,72.11661529541016,3075034
2022-10-04,73.67593562695586,75.01382082216587,73.4637230657311,74.65397644042969,2431992
2022-10-05,73.35300105501757,74.22954224368469,72.71634884322899,73.67593383789062,1666126
2022-10-06,73.44526339551818,74.70933261378484,73.00237522913609,73.96196746826172,2555332
2022-10-07,72.69791281856706,72.85477257568328,71.33235086366948,72.07049560546875,1971171
2022-10-10,72.61486334323556,73.04852366548177,71.36002186849257,72.13507080078125,1619641
2022-10-11,71.66450644632624,74.18341730439042,71.42460290234207,72.11661529541016,2579194
2022-10-12,72.1026985394594,72.39010592861625,70.51731074651867,70.93451690673828,2292434
2022-10-13,68.9226498504505,71.35172232313295,65.93730006765973,70.57293701171875,2952727
2022-10-14,70.9901494267505,71.6762255670594,67.60613795877971,68.10678100585938,2138930
2022-10-17,69.32131934417319,70.61929244256277,68.68159787277008,69.06172180175781,1875515
2022-10-18,70.53587204261737,71.56498276077565,70.04449399710944,71.26830291748047,1945552
2022-10-19,70.06302625128396,70.06302625128396,66.66974211917118,67.02204895019531,2448830
2022-10-20,67.4021687383937,68.6816044977701,65.82605317628655,66.17835998535156,1826757
2022-10-21,65.01945729565244,68.22731575535109,64.80622163396568,68.0789794921875,2843642
2022-10-24,68.53326791072142,69.28424353285156,67.5227020015872,69.015380859375,2142029
2022-10-25,69.46966639275375,73.28016404679217,69.31205774994734,72.87222290039062,2457404
2022-10-26,72.82586994710573,74.22583221969306,72.33449192841418,73.04837799072266,2938059
2022-10-27,73.30796125164319,75.2734729422549,72.85367286690736,73.66954040527344,2401105
2022-10-28,73.48412242528373,76.18206509360786,73.40995795527549,76.06153869628906,1705896
2022-10-31,75.00460945712895,75.16222539311711,73.72517373289445,74.8191909790039,2593656
2022-11-01,76.51584986838529,76.7476303243082,74.30928472975975,75.67216491699219,2977313
2022-11-02,75.35691525819011,77.43368089822523,73.70662814589714,74.1701889038086,4075701
2022-11-03,72.6218957278295,74.04040270187332,71.62060227491504,73.24307250976562,2879901
2022-11-04,74.61521915442324,76.00590886461751,72.2510459164086,73.8086166381836,2235825
2022-11-07,74.25363853889017,74.36489254445758,71.87092057675314,73.47484588623047,1675113
2022-11-08,73.89206545104923,74.09602870910086,71.22193256337466,72.10270690917969,2724744
2022-11-09,71.21265168039305,75.67213481340575,71.19410691310595,72.80730438232422,2704497
2022-11-10,78.23102283613753,83.44147518921022,78.11976151504538,81.95806884765625,5115003
2022-11-11,81.95807044583567,82.59779200050095,81.17928502407135,81.61503601074219,2704084
2022-11-14,81.03093839399673,81.27199116764518,79.45482298062709,79.49190521240234,1731205
2022-11-15,82.0507867935682,82.45872062169897,79.66806860498379,81.35543823242188,1793391
2022-11-16,80.80842835067604,81.31835108517876,79.37138399975987,80.1501693725586,1791119
2022-11-17,78.03632503738866,79.00053624135134,77.03502429060002,78.8892822265625,1231336
2022-11-18,80.18725934614581,80.58592076653277,77.77672413267297,78.53697204589844,1789569
2022-11-21,78.46280231586093,78.86146374664132,76.70126095966647,77.3595199584961,2439326
2022-11-22,78.35154134032615,78.99125551120646,77.78599163357416,78.91708374023438,1955159
2022-11-23,78.98199254559444,80.47467130039972,77.99923655683462,80.1594467163086,1787193
2022-11-25,79.53827632558158,80.40050598149259,79.51973155242578,80.08528137207031,522595
2022-11-28,79.58461370649844,80.62299656184742,78.67602962142355,79.13032531738281,1160679
2022-11-29,78.77801535295035,80.22433192281417,78.49987305453449,80.10380554199219,1074320
2022-11-30,79.73295422705952,81.45741309991841,78.29590273072932,81.42959594726562,3073175
2022-12-01,82.46799600978957,83.75670424183186,81.43888536275608,81.73556518554688,1598464
2022-12-02,80.14089737049227,81.94880060620014,79.7422359503496,81.8653564453125,1441861
2022-12-05,80.25216536793394,81.65212773535671,79.89985850605972,80.9845962524414,1819216
2022-12-06,81.40179986729227,81.41106494623332,78.3515502860441,79.64025115966797,2583533
2022-12-07,80.41903248140888,82.80175032355014,80.07599079020068,82.51433563232422,2634047
2022-12-08,82.18058646747332,83.45074989465722,81.63358145984618,82.91301727294922,1728932
2022-12-09,81.85609069277655,83.07062712906927,81.68920966432319,82.05078887939453,2345323
2022-12-12,82.36599940131931,82.7461160167243,81.70774047915938,82.51433563232422,2099986
2022-12-13,87.37249848135637,88.29962013172006,83.68252742372135,83.98847961425781,2762965
2022-12-14,84.59111023230197,85.65731034244108,83.33949164058492,84.20172119140625,3852057
2022-12-15,82.04152023446571,87.91023941771721,80.98459239237515,87.41886138916016,7150219
2022-12-16,86.74204634989843,87.02945375936629,84.82289641589374,85.48115539550781,4641062
2022-12-19,85.7593050698276,86.13015670332584,82.95010796484341,83.5342025756836,3551764
2022-12-20,82.6812239391146,83.67324486116821,81.97660309459981,82.51433563232422,2485398
2022-12-21,84.00703736306609,84.80436765875415,83.30241632399856,83.9699478149414,1816944
2022-12-22,83.07990255049903,84.47986483850333,82.51435274209209,84.40569305419922,1989145
2022-12-23,83.52491082221526,84.22025199366426,83.15405927470496,84.01628875732422,1043020
2022-12-27,83.48782247750032,84.66527652302906,83.48782247750032,84.09046173095703,1124524
2022-12-28,84.18318193244797,84.44277951460528,81.97661709780033,82.05078887939453,1243112
2022-12-29,82.51435433086083,84.40569467938468,82.06006584358553,84.06266021728516,1399095
2022-12-30,83.19115122455044,84.06265319368703,83.19115122455044,83.90504455566406,1115433
2023-01-03,85.00832089792878,85.82418849426921,84.12754660562129,85.27718353271484,2429513
2023-01-04,86.55661834399237,88.10492397496927,85.95398638467788,86.78839874267578,2588078
2023-01-05,85.52750755463695,87.51155682168296,85.12884614696264,86.94601440429688,2120026
2023-01-06,87.4744893737269,89.46781136270492,87.4744893737269,88.68902587890625,1941214
2023-01-09,88.36451524665884,89.73666749827481,88.00293606687708,88.34597778320312,2746747
2023-01-10,87.74334092668367,89.5975913411546,87.34467222852138,89.5326919555664,1749902
2023-01-11,90.56180532096793,91.4333072084571,89.56978434993658,91.39622497558594,2251114
2023-01-12,91.8690632407722,92.50877746100734,90.12606667609433,91.92469024658203,2316916
2023-01-13,89.60687725321785,91.94324087341278,89.35655205770806,91.61874389648438,2367326
2023-01-17,91.29425028881383,92.2028345509003,90.91413359534906,91.5816650390625,2319498
2023-01-18,92.71275334813431,93.89020753693643,90.3300351194492,90.4505615234375,2961508
2023-01-19,89.68103581807603,90.2651229836237,87.94730447707842,88.7260971069336,2398936
2023-01-20,88.98570033581483,89.71813114927713,87.60428287622767,89.64396667480469,2063108
2023-01-23,89.19892850668317,91.18297766023048,89.19892850668317,90.42273712158203,1907951
2023-01-24,90.39493039248886,92.01740057935987,89.75521616466173,91.86906433105469,2062798
2023-01-25,90.83067980235919,91.9895891464208,90.56180985334441,91.82270812988281,2119303
2023-01-26,92.53465623170274,93.48391686852582,91.36203454209749,93.083740234375,1428123
2023-01-27,92.80454424263941,94.38665758787762,92.69286737935577,93.63282775878906,1374716
2023-01-30,92.86967921482966,94.6472231912958,92.14377235553174,92.3392105102539,2166304
2023-01-31,93.53045431449922,95.51273688512435,93.53045431449922,95.29869079589844,2553783
2023-02-01,95.12186544133884,98.53735383098065,93.75380562622551,97.42987823486328,2903453
2023-02-02,99.04921031656862,101.70156871852477,99.04921031656862,100.58478546142578,3279258
2023-02-03,97.76491102788685,99.2632629866269,96.87148882977066,97.54155731201172,2138620
2023-02-06,96.45269582997881,96.78772639991777,95.37314310291028,95.60580444335938,1811985
2023-02-07,94.41456723438462,96.55506476223509,93.90270641927985,96.34101867675781,2741892
2023-02-08,95.71747576484461,95.71747576484461,93.58628598080399,93.83756256103516,1680278
2023-02-09,95.14977720547772,95.45689221291008,93.59558691495178,93.87478637695312,1405500
2023-02-10,93.44670605952729,95.22425041656926,93.1023678093517,94.8333740234375,1395376
2023-02-13,94.68446311853967,97.33681423993542,94.3959560037424,97.29959106445312,1955572
2023-02-14,96.46200574831327,97.6997661625943,95.83846806017614,96.85287475585938,1594952
2023-02-15,95.8105421414859,97.57877858331888,95.1032504985989,96.32240295410156,1727176
2023-02-16,94.13537860003078,94.91712395788294,93.40016404493528,94.27497100830078,2502546
2023-02-17,93.49322982456387,93.5862987688482,91.04561707412718,92.2182388305664,2944050
2023-02-21,90.74780012796676,91.86458333444126,88.72828713016895,89.12846374511719,2195125
2023-02-22,89.88230500813496,90.85018097705174,89.10986722554554,89.67756652832031,2465048
2023-02-23,90.21733496329155,90.69196527764542,89.06332853827115,90.41277313232422,1862499
2023-02-24,88.29088134007206,89.87298723914736,87.77902052905895,89.19361114501953,2280657
2023-02-27,90.27318775217456,90.61752600861412,88.579397352408,89.24946594238281,1955262
2023-02-28,89.10055151691513,90.45930373526139,88.99818228629167,90.03120422363281,3177198
2023-03-01,89.44489158404954,90.87809751575952,89.00748443603516,89.00748443603516,1920967
2023-03-02,87.89068641459747,89.73337614893966,87.58357145887378,89.3983383178711,1954333
2023-03-03,91.70637304629193,91.70637304629193,90.14288234478781,90.84087371826172,2283653
2023-03-06,90.92462703072768,91.55747234246043,90.1428816856915,90.44068908691406,1811779
2023-03-07,91.06421998425193,91.56677314525378,89.91021364004244,90.11495208740234,1833265
2023-03-08,90.70127862027101,92.26476940182106,90.04981801577838,92.20893096923828,2467630
2023-03-09,92.20892951002317,94.18191187877912,91.6133146821551,91.75291442871094,3437204
2023-03-10,92.05071401975692,93.15818960113404,89.66824757614151,90.62681579589844,2768750
2023-03-13,89.68684752315922,93.13956606814381,89.398347787107,92.09723663330078,3032371
2023-03-14,92.82315477103947,94.72168335402675,92.71147791344298,93.78172302246094,3139287
2023-03-15,95.2335330173703,96.77840825748147,91.72497603369,93.24193572998047,5002096
2023-03-16,93.09305039519413,97.42988410505441,92.88830459155906,96.97386169433594,3949882
2023-03-17,97.35542487179994,97.56947829085185,95.42898077341029,96.32240295410156,6453771
2023-03-20,96.33171090390694,97.02969492204973,94.66584368517003,95.21492767333984,2164135
2023-03-21,95.97806405931298,97.0855323163586,95.7733182688378,96.29447937011719,2127567
2023-03-22,96.17348596007486,97.42986879810495,95.43827150955792,95.47550201416016,2029122
2023-03-23,96.91802295352812,98.77002080408982,95.62441674640986,96.20142364501953,2658632
2023-03-24,96.2851842111738,97.09484511999615,94.94504721115959,96.54576110839844,1937805
2023-03-27,96.88078461795904,97.31819170360865,94.74028732034431,95.09393310546875,2348732
2023-03-28,95.41037812331824,96.06183142438495,94.28428712064907,94.6844711303711,1705793
2023-03-29,95.47552269396147,95.81055330025991,94.44250065595004,95.36384582519531,1835228
2023-03-30,95.59649318466047,95.76400846326635,95.08463238742469,95.43827819824219,2384681
2023-03-31,95.29869592713476,97.94173949694624,95.21493461162314,97.82075500488281,2023647
2023-04-03,97.21582006014191,98.40705690683008,97.21582006014191,97.95103454589844,1431015
2023-04-04,97.96035362838275,98.11856862979845,95.89430965922148,96.62952423095703,1630797
2023-04-05,96.5457514781168,97.72768069639852,96.18279804909263,96.81564331054688,1852169
2023-04-06,96.46201376167933,96.852882801696,93.9492548802496,94.9822769165039,1739572
2023-04-10,94.6472186367524,96.05250148934712,94.19120363229317,95.47550201416016,1543095
2023-04-11,96.1641876867556,98.71416925170543,96.1641876867556,98.18370056152344,1687405
2023-04-12,99.22602770705883,99.47729693945682,97.7742067271391,98.0813217163086,1343623
2023-04-13,98.29538402944071,98.30469165641355,96.59229366264182,96.63882446289062,3473979
2023-04-14,96.25726228610525,97.73699904426937,96.18280859989368,97.7183837890625,1880680
2023-04-17,97.39265777135613,98.72349455013402,97.23445009900051,98.68626403808594,1535658
2023-04-18,99.50521726923246,101.74808372802909,99.28186358632618,101.67363739013672,1843492
2023-04-19,101.45960009835473,101.92492278978615,100.47310895128899,101.72018432617188,1393414
2023-04-20,103.40466992378184,106.00119016683807,103.0044932490048,104.11196899414062,3247649
2023-04-21,104.09334099869784,104.28877916532484,102.58568876328985,103.48841857910156,1830269
2023-04-24,103.23714434994227,104.40976604196123,102.94864457428082,104.35392761230469,1402711
2023-04-25,104.40528460847098,105.17097541653445,103.57422178399126,103.65826416015625,1445270
2023-04-26,102.90191030446088,103.46217567038178,101.65065025131479,101.92144775390625,1369655
2023-04-27,102.51905774924336,104.34926082666256,102.25760647466417,104.30256652832031,1272656
2023-04-28,104.47064703767883,105.89931588742373,104.24653649242748,105.33905792236328,1557351
2023-05-01,105.04959690286273,106.14211112105922,104.63873855327738,104.94688415527344,1678522
2023-05-02,104.73210897658991,105.95535248356909,103.14469407558923,105.5538330078125,1996686
2023-05-03,105.7032288632147,108.22441177374476,105.50713489660178,106.5716323852539,2066207
2023-05-04,106.29151266717695,106.86111689815272,104.87217519938444,104.90953063964844,1623153
2023-05-05,105.05892671932358,106.27283130170854,104.68541648486243,105.92733764648438,1350751
2023-05-08,105.5164827082299,107.337339640065,105.22700748376296,107.09455871582031,1381638
2023-05-09,106.9171291472066,108.48586609952888,106.77706098242633,106.7863998413086,1760852
2023-05-10,107.4307116133137,107.74819605304543,105.61919357370861,106.58097839355469,1471095
2023-05-11,106.87978475664623,107.16925997500343,106.27283245884503,106.45024871826172,1335979
2023-05-12,106.39421738200613,107.08521202324876,104.68541217723596,105.73123931884766,1857954
2023-05-15,105.68454113044888,106.33818026466176,104.58268830919565,105.79659271240234,1694017
2023-05-16,104.88150088558127,106.67434837545244,103.72362220816342,106.37554168701172,2125914
2023-05-17,106.67435898835055,107.01985264640197,106.09541591242987,107.00117492675781,1767360
2023-05-18,106.86110457236099,108.25242529947495,105.98335485658946,108.13103485107422,1741845
2023-05-19,108.25242615986882,108.30845195502008,105.38574231118402,106.06739807128906,1879130
2023-05-22,105.86197394822395,106.57163898460404,103.04197680390918,103.18204498291016,2059802
2023-05-23,102.43502636796457,102.54707796950974,99.73641963396912,100.00720977783203,2655533
2023-05-24,101.03436303770016,101.64131532384486,100.5394623491164,100.75422668457031,1942866
2023-05-25,101.76270951047385,102.41634875968562,100.80091731783509,101.37052154541016,1682757
2023-05-26,100.90363436168519,101.39853505341227,99.2321771696404,100.33403015136719,2140066
2023-05-30,100.38070656995956,101.58527952320892,100.21262919016664,100.66084289550781,2128703
2023-05-31,100.14727699602207,100.6982034976761,98.88667809269559,100.02588653564453,4821631
2023-06-01,99.08277957960165,101.08106025649258,99.08277957960165,100.97834014892578,2134385
2023-06-02,101.78136848294074,105.26435076029618,101.58528188157678,104.58269500732422,3520051
2023-06-05,104.56403570528242,105.12430110883344,102.89257835523945,104.52668762207031,2116720
2023-06-06,105.38575361189115,108.71932189737667,105.18032076815629,108.31780242919922,3115321
2023-06-07,108.31779991090201,109.28892358738392,106.39422291840528,106.45024871826172,2537461
2023-06-08,106.36620852756488,107.28130635970687,105.6098492274285,105.86196899414062,2609151
2023-06-09,106.09541341372052,107.11323136271469,105.36707067548292,106.63700103759766,1873965
2023-06-12,107.36534987160482,109.22356226110915,106.375555804448,107.75753784179688,6771728
2023-06-13,108.30844783190136,109.4383172694312,107.99096343197903,108.3271255493164,2564939
2023-06-14,108.99944705631903,109.56905122864106,106.97315748516719,107.15057373046875,4122600
2023-06-15,111.00706969991387,112.3890590787018,109.28892551605497,111.87548065185547,5884588
2023-06-16,112.77189751975251,113.87375786202392,111.91282545299873,112.07157135009766,4726905
2023-06-20,113.41620767653927,114.91024864520618,113.1080620947131,113.52825927734375,3160877
2023-06-21,113.07071798781415,114.06985092945622,112.42641022170405,113.5936279296875,2604193
2023-06-22,113.68701115706433,113.8364108462519,112.65051539704048,113.28548431396484,1879853
2023-06-23,113.05202172437177,114.37797776171746,112.79990197544058,114.2005615234375,2392221
2023-06-26,114.62076954736392,114.89156703950567,112.43574132789477,113.05203247070312,1486177
2023-06-27,113.73368729511897,117.98236060016824,113.66832263755038,117.71156311035156,3239591
2023-06-28,117.61818998846903,118.6640171570532,116.80580487303105,117.15129852294922,3759603
2023-06-29,116.34824847066493,116.38560390785496,114.77017258929284,115.58255767822266,2370322
2023-06-30,116.72177022743813,117.3660779903968,116.02144402161025,117.01123809814453,2621341
2023-07-03,117.38473476044273,117.5621510064131,116.04943980648159,116.98321533203125,984449
2023-07-05,117.24468753708618,117.64620701202485,115.4144843512381,116.05879211425781,2031498
2023-07-06,114.15281696264107,114.53681730949704,112.03609827700001,112.87903594970703,2898185
2023-07-07,112.50437974445451,113.73132497539478,112.10164520869084,112.58867645263672,2471762
2023-07-10,112.32642686607753,115.64198913413188,112.1765750729921,115.63262939453125,2021581
2023-07-11,116.11029372419974,117.16865292476318,115.53896576964812,116.9906997680664,1434217
2023-07-12,118.26447871571249,120.1657755639007,117.64632250840019,120.14704132080078,2085834
2023-07-13,120.4280178898318,122.18882256735587,120.00654911700147,121.83291625976562,2463395
2023-07-14,123.05049396205321,124.79256439208984,122.469806279207,124.79256439208984,1933363
2023-07-17,123.31275231939468,124.09949457247859,121.70179932691426,122.1232681274414,2630328
2023-07-18,122.64775770932873,123.94962510772515,122.572828124418,122.68521881103516,1915595
2023-07-19,122.37615250492867,122.61966814319187,121.17730855701707,122.46044921875,1971894
2023-07-20,122.9662089208666,123.58436510898045,116.88767061058117,118.15208435058594,2747057
2023-07-21,118.4705476565652,119.31348535762098,118.05843854722735,118.62039947509766,2039142
2023-07-24,118.85453118739586,120.03464823067756,118.42369527518181,119.22917175292969,1359531
2023-07-25,120.04402674970784,120.87759728919063,119.05122989493124,119.45397186279297,2570207
2023-07-26,118.96693056591708,120.47485258444122,118.0303291418191,119.15424346923828,2227974
2023-07-27,119.89416597928282,120.17514271836606,117.61822117596542,117.84300994873047,1862809
2023-07-28,119.23853082183439,120.04400724518655,118.47052288140426,119.6787338256836,1354676
2023-07-31,120.19386906548925,120.36245509786416,117.6275805701251,118.7889633178711,1892663
2023-08-01,118.18954814982648,119.27600875518465,118.05842321220575,118.94819641113281,1269350
2023-08-02,117.88985072345685,118.25512421389483,116.18524110141288,117.25296020507812,1531319
2023-08-03,116.5973348953183,116.68163161103367,113.68450691091607,114.8646240234375,2216095
2023-08-04,115.73566068292831,118.21765267971202,114.93018417418905,117.60885620117188,2045443
2023-08-07,117.25293209412925,119.30408785125444,117.25293209412925,119.238525390625,1376369
2023-08-08,118.78896756085682,119.42585799235266,117.59012366803906,118.97628784179688,1423474
2023-08-09,118.87327179757096,119.45396691970282,117.54330288573493,117.61822509765625,1379158
2023-08-10,118.45179281269736,119.38839419627509,115.02383986845079,115.54833221435547,1925099
2023-08-11,115.40784631838119,116.96260395991575,115.26736163947332,115.4172134399414,1536174
2023-08-14,115.41719495243505,116.03535106140865,114.45249969023277,116.01661682128906,1690195
2023-08-15,116.89703726616136,118.88263075722291,114.92081089632153,118.06778717041016,2337059
2023-08-16,117.43088745206617,118.04904358881362,114.83651248332069,114.89270782470703,2139550
2023-08-17,115.81995764283002,116.55050456083084,109.55409872786402,109.6290283203125,3920235
2023-08-18,108.8610195046649,111.15569135524188,108.54258163510647,109.58220672607422,2502959
2023-08-21,109.58220192609292,109.76015509769809,107.20323346042653,108.48638153076172,1708479
2023-08-22,109.2918381154819,109.78822905213553,108.27094011860642,109.16071319580078,1537001
2023-08-23,109.66647971594358,110.49069039690426,108.64558902178024,109.74140930175781,3502283
2023-08-24,109.4604468980307,110.3314859159857,108.49574404018321,108.5425796508789,1612616
2023-08-25,108.7860788649189,109.18881338556362,105.06777482738366,106.80985260009766,2497794
2023-08-28,107.16576833428732,107.57787001194046,105.95755728447554,106.81922912597656,2179217
2023-08-29,106.68809940981718,109.56345866607926,105.9388182974562,109.17945098876953,2583533
2023-08-30,109.37614209795441,112.14847787882697,108.65496232451919,111.7082748413086,4056281
2023-08-31,111.5958834571876,111.83003196592081,110.94963327782402,111.53968811035156,1886361
2023-09-01,112.03608459076703,113.51591258916653,111.80193608600725,113.01014709472656,1543922
2023-09-05,112.60742007918405,112.68234229103639,107.18450609631942,107.45611572265625,2261134
2023-09-06,108.16793829825062,109.64776642991696,107.70900098713308,109.52600860595703,1693397
2023-09-07,109.05769611332562,111.09011786365102,108.0461724896028,110.59371948242188,2148847
2023-09-08,110.2190820221059,112.06417603622566,110.08795709084905,111.14630889892578,1657448
2023-09-11,111.21187776359999,113.81562753352243,111.21187776359999,112.1672134399414,1670981
2023-09-12,111.46476038759195,113.01951802675752,108.78608841138357,109.12326049804688,2189857
2023-09-13,109.5915702711741,110.03177333489958,106.82859406575885,108.61750030517578,1940490
2023-09-14,109.63838630092539,110.40639426036827,108.49573041047645,110.23780822753906,3164699
2023-09-15,103.17585552617682,107.80266001150218,103.02599634268917,107.48421478271484,6613576
2023-09-18,107.76519829394549,109.9755734094882,107.3156354782412,109.61966705322266,3450220
2023-09-19,109.46043051213219,110.80913350529511,107.98996971238509,109.85379791259766,2451516
2023-09-20,110.397044989024,111.84877171990047,109.0015062262538,109.14199829101562,2043274
2023-09-21,107.27815942852928,107.39055012453429,104.60885456316555,105.95755767822266,3024934
2023-09-22,107.0908269417412,107.48420171444461,105.50797549340643,106.30408477783203,2387056
2023-09-25,105.55480537165131,106.80985191060118,105.23636017658211,105.90135192871094,2163205
2023-09-26,105.386236602693,106.15424466339891,104.70251787876636,104.84300994873047,2239337
2023-09-27,105.69530328953236,106.6974671522255,104.29977200760788,104.61820983886719,3076274
2023-09-28,104.7399671906223,107.10956834276544,104.33723265197838,106.95970916748047,2651298
2023-09-29,107.87757736103326,109.18881932222374,104.71187422210681,105.11460876464844,1934912
2023-10-02,104.35596348610991,106.06057279644065,103.10091692395561,104.10308074951172,2640865
2023-10-03,103.11965481537058,103.74717073715968,100.58146762021515,101.36820983886719,2949422
2023-10-04,101.99573971415495,102.64198991992096,100.95611468296711,102.0613021850586,2874632
2023-10-05,101.70539955413598,102.7262903789943,100.90929013399904,101.75222778320312,2076227
2023-10-06,100.61893284587762,102.98853410158571,99.74789388252243,102.29544830322266,2084387
2023-10-09,101.30264918473449,104.3466019254506,100.71259435556252,104.2154769897461,1588237
2023-10-10,104.41215689916534,107.4561020399053,104.41215689916534,105.90135192871094,2507608
2023-10-11,106.68603159871303,108.05801186530597,105.88726566658393,107.38141632080078,1892249
2023-10-12,105.77449419505926,106.3853090637095,101.17928524335348,101.92166137695312,2205662
2023-10-13,101.95923942597283,103.76349642789474,101.6867186254617,102.71101379394531,2121059
2023-10-16,103.5943495104097,103.82928457195408,101.91226275726854,102.97413635253906,1550946
2023-10-17,102.43850599192481,104.43070683863155,102.1377976877908,103.02113342285156,1742464
2023-10-18,101.77131131945548,102.4385085804304,100.30535552248614,100.34294128417969,1701351
2023-10-19,100.56847065649477,100.85978065480708,97.91846357976422,98.30374908447266,2244606
2023-10-20,98.3695244278617,98.95215179921968,97.30764347722922,97.5331802368164,1672324
2023-10-23,97.58017601657232,99.91067097007989,97.2324762476773,98.95216369628906,1849277
2023-10-24,98.82059251368885,100.03282392218492,97.70232920235128,98.60445404052734,1825104
2023-10-25,98.15338380194143,98.3789205565721,96.75320885178989,96.85658264160156,1983876
2023-10-26,97.42041556252558,99.10250976933527,96.69683599321756,97.66474151611328,2423728
2023-10-27,98.05001957299187,98.37892271860206,97.11969988060346,97.5331802368164,1390831
2023-10-30,98.33193406484598,99.03671696463341,97.1760776670136,98.21916198730469,2199050
2023-10-31,98.58565746555263,100.7564034579441,98.36952639843665,100.24896240234375,1810746
2023-11-01,100.23015714412313,104.75959233720896,99.36561813837628,104.51526641845703,2728566
2023-11-02,107.19345531675471,110.21934189564391,106.60143708860556,108.87554931640625,2789410
2023-11-03,111.67591844842066,114.72060193223322,111.67591844842066,112.59683990478516,2708010
2023-11-06,110.78317923028831,112.12697188923575,109.5897444129014,111.56314849853516,1774591
2023-11-07,111.67592160462594,114.2507424386971,111.43159564819672,113.15127563476562,1852685
2023-11-08,113.30162387560064,114.40109806418619,112.47467791889234,113.59294128417969,1536794
2023-11-09,113.64932487725584,114.80517401472927,111.75109958521386,112.41829681396484,1285878
2023-11-10,113.08547655901795,115.25622234426521,111.96721335431299,114.8333511352539,1478533
2023-11-13,115.29382882828332,115.46298326714992,113.23585474733179,114.88035583496094,1532869
2023-11-14,119.25003375118179,123.35659836791912,119.02450437770887,120.5280532836914,3451046
2023-11-15,120.33070267457603,121.48655173910647,119.15605702826214,119.20304107666016,2176324
2023-11-16,119.40038524158898,120.36829072490382,118.75197721831502,119.41918182373047,1776863
2023-11-17,120.18974411152891,120.58442789586276,119.45676628867518,119.80445861816406,1869833
2023-11-20,119.14665649322805,120.62201038998558,118.43247527163605,120.56562805175781,1195594
2023-11-21,120.03939267769697,120.73477733090196,119.09027638861744,119.13726043701172,1269660
2023-11-22,119.99241098076368,121.00730798254864,118.97752138503989,119.74808502197266,1010894
2023-11-24,119.59774107464051,120.29313322825325,119.12787830876741,119.93603515625,440988
2023-11-27,118.47946043428374,119.59772373077041,118.47946043428374,119.19364166259766,1061098
2023-11-28,118.83655768795587,119.49435661426321,117.98141686193804,118.4606704711914,1271210
2023-11-29,119.96421263573052,120.3588890070396,119.02449464632234,119.19364166259766,1637512
2023-11-30,118.78016442950482,120.34949378556962,117.62431541751641,120.20853424072266,2543246
2023-12-01,120.31190999489675,123.73248065709082,120.22734018624958,123.64790344238281,1815394
2023-12-04,123.02769027671903,124.00499406412767,122.43567199198058,123.58212280273438,1413867
2023-12-05,123.74187562191429,124.03318561087194,122.67999464828463,123.9486083984375,1209230
2023-12-06,125.21724877608818,128.83515438727687,124.29631980706817,127.2094497680664,3286489
2023-12-07,127.15303701614212,129.26740802066723,127.15303701614212,129.18283081054688,1902579
2023-12-08,128.57200185690766,131.5603026483565,128.44984630253967,131.16561889648438,1744944
2023-12-11,130.66758288534422,131.94560229647507,129.63388940762474,131.22201538085938,1931917
2023-12-12,131.35360489984407,132.59403141514508,130.7145950567914,132.0583953857422,1651664
2023-12-13,132.67858618051665,137.11404634802037,131.2596145623174,136.4092559814453,3687190
2023-12-14,138.95590913993323,146.06015913421237,138.37328906822086,145.4775390625,4894457
2023-12-15,137.41476835027393,146.60520237150897,135.3192083227652,140.28091430664062,9098044
2023-12-18,140.21509871663955,140.32786338706467,136.1743079132789,138.4014434814453,2810380
2023-12-19,139.66067056677878,140.67555263198363,138.72094520135428,139.68885803222656,2204009
2023-12-20,139.1626240033203,141.03266918529843,137.8752136300416,137.9409942626953,1765810
2023-12-21,139.74524366333554,140.4688306207838,137.28318760552528,138.99346923828125,2149880
2023-12-22,139.5761198188391,139.89561732013826,137.6684960730199,138.5330352783203,1337012
2023-12-26,139.02165004235462,139.5478802089048,138.33565635576588,139.26597595214844,944162
2023-12-27,139.32236362977793,140.84470896649253,138.64577557709637,140.29966735839844,1272346
2023-12-28,140.0177805378118,140.788336780777,139.4445513923973,140.18692016601562,1065023
2023-12-29,139.54791037788442,140.64738461571258,139.1344447870732,140.05535888671875,1484834
2024-01-02,138.37327532530352,139.5009221869052,136.30588818408208,138.5706024169922,1682447
2024-01-03,136.8603232896482,138.09135878709859,135.06546435084962,136.87911987304688,2190993
2024-01-04,136.67237624868633,138.08194214641065,136.23070841624786,136.32467651367188,1635136
2024-01-05,135.6856753604062,138.89011506922776,135.35677218652455,137.4523468017578,2011044
2024-01-08,138.51420811812815,140.4406280232782,138.32625712605198,140.30906677246094,1670877
2024-01-09,138.93708357958423,140.19630638496656,138.8243189057417,139.2283935546875,1521919
2024-01-10,143.4007394227761,146.03194986333864,142.45163792935696,144.10552978515625,3752786
2024-01-11,143.03423876439462,145.90036906727983,142.9026775193741,145.843994140625,2998076
2024-01-12,146.10713037967767,146.3232688690508,142.3952569544147,142.60198974609375,2305656
2024-01-16,141.56828933457854,142.5361873217682,140.95746712636478,141.4273223876953,2664107
2024-01-17,140.15873271515696,141.4273465814048,139.55731610031629,140.58160400390625,2226735
2024-01-18,141.84081394740903,143.2597855399759,139.58549073995778,141.25819396972656,1940697
2024-01-19,141.58711424284724,143.45714477817737,140.60040466573028,142.65838623046875,2347596
2024-01-22,143.13759775078083,146.00374286612214,143.13759775078083,145.90977478027344,2442632
2024-01-23,142.3367577835017,144.1656935553513,137.9906614446527,139.1408233642578,3949675
2024-01-24,140.6397979001199,140.71522712608058,136.4822596281529,136.81222534179688,2181180
2024-01-25,139.4424808601266,140.61149996139198,137.32129422231347,140.58322143554688,2881967
2024-01-26,140.60210825667488,141.52599746133384,139.35767453858244,139.88560485839844,1627905
2024-01-29,139.9987223693778,141.15832039706922,138.88627503742373,141.00747680664062,1649494
2024-01-30,141.62027696152416,144.01487285069425,141.62027696152416,142.421630859375,1666745
2024-01-31,141.95966382936408,144.033714968653,140.6303797227392,141.27145385742188,2352658
2024-02-01,142.74213597393455,145.74009093187288,141.37513734450926,145.1178741455078,2443045
2024-02-02,142.64787396506352,146.6734260433826,141.60141974076845,145.19329833984375,2373421
2024-02-05,143.84518936873755,144.41083434562103,141.64857289355325,143.76976013183594,1869833
2024-02-06,143.76971785667712,144.04311161011535,140.60207719761576,142.2990264892578,2019205
2024-02-07,143.43035871620722,145.06131519045348,143.11925029522575,143.94886779785156,1493615
2024-02-08,144.38252483211616,145.2875566009402,143.08151937447278,144.51451110839844,1350957
2024-02-09,144.25997924804688,144.9953250894464,142.61958665570387,144.25997924804688,1523365
2024-02-12,144.77846562103917,149.29426258326015,144.6182008204944,148.87001037597656,2839097
2024-02-13,142.97784639494301,144.00544336053406,140.26270613048263,142.99668884277344,2999006
2024-02-14,144.4485138845197,145.86263341329507,142.8175427823028,145.06129455566406,1786883
2024-02-15,145.85324589310505,146.63572762689736,144.5239616381217,145.3724365234375,1633896
2024-02-16,143.43034784326292,144.24110797709957,141.57311868184112,141.62025451660156,1826447
2024-02-20,140.5455490721629,143.2418174190943,140.32871230224134,142.34620666503906,2002574
2024-02-21,144.0808340997022,145.2969890838959,141.8653608455455,143.2794952392578,1351061
2024-02-22,144.4862283489904,145.73066198263606,144.00543390142875,144.76905822753906,1325959
2024-02-23,145.3441308165653,147.4276178822978,145.14615139900886,146.20204162597656,1263049
2024-02-26,146.12660791643125,147.25791247059385,145.2215613011067,145.30641174316406,1258814
2024-02-27,146.26801345327902,146.66397227092608,144.0808335938554,145.06129455566406,1181855
2024-02-28,145.27817600617468,146.5320311215311,144.589965904519,144.99534606933594,1401265
2024-02-29,145.81549739707827,149.72792001702334,145.81549739707827,149.4356689453125,3222340
2024-03-01,149.43569610125397,152.49020850579234,147.8141607887281,152.2356719970703,1825827
2024-03-04,153.00871305521633,154.49826188239825,151.19861975182113,151.3400421142578,1581626
2024-03-05,151.01008469445705,153.2444006277417,149.5488143156579,150.42556762695312,1932020
2024-03-06,151.15150908400898,152.07541319519066,149.7279531596196,151.82086181640625,1573362
2024-03-07,153.35752618739792,156.44975291629174,153.03699656073343,155.00735473632812,2787551
2024-03-08,155.53527906430645,156.8645630757666,153.77233646512028,154.79051208496094,1882436
2024-03-11,154.0268870118849,154.86594059562867,152.36765201164295,154.7245330810547,2541490
2024-03-12,153.9608880972584,156.81743569241235,153.08413479179944,156.46861267089844,2173949
2024-03-13,156.4686073746785,157.90159916538553,155.37501737070164,156.0255126953125,3735018
2024-03-14,152.5373528050968,155.05451379969796,143.5529223697644,144.10914611816406,5513121
2024-03-15,143.3549256098753,149.14343524430078,142.84585262565005,147.60675048828125,6234362
2024-03-18,148.2006786550722,148.96431787573985,146.06063431240682,147.6444549560547,2107320
2024-03-19,147.5407663679282,150.75554358775807,146.75828467694194,150.50100708007812,1696806
2024-03-20,150.40671580365702,154.6113896943579,149.56766229807644,154.27198791503906,1578631
2024-03-21,155.7709870643867,157.53392982168648,155.6578580809218,155.87469482421875,2004950
2024-03-22,156.31774618771064,157.4961865056916,155.47870761824717,157.04367065429688,1496094
2024-03-25,156.68545052721717,157.85446980283152,156.2517919130203,156.53460693359375,1320794
2024-03-26,157.0154021745624,158.42952173063333,155.9123761412508,156.0820770263672,1447336
2024-03-27,157.43965572170123,158.95748318146465,156.826860115724,158.85379028320312,1367485
2024-03-28,159.1177396870236,162.70963296398455,159.08946115806378,162.13455200195312,2203286
2024-04-01,161.96485703625987,162.47394487603583,157.78847628138706,158.20327758789062,1716226
2024-04-02,153.94206686349528,153.94206686349528,151.0949549592857,153.16900634765625,2606259
2024-04-03,151.86797938036884,156.685449088917,151.86797938036884,156.5817413330078,2233863
2024-04-04,158.5238124995131,159.31571531132053,153.82890810532143,154.27198791503906,2394907
2024-04-05,153.66861537746547,156.96825720279264,153.54606519199527,156.70428466796875,2327142
2024-04-08,156.77972363757175,157.298247566656,154.58310743647235,155.56358337402344,1957948
2024-04-09,157.43021850728923,157.59990453265135,153.99859021033646,156.48745727539062,1474711
2024-04-10,150.3690248644505,151.96228168160013,147.17309000589717,147.4747772216797,3496602
2024-04-11,148.44580609005564,151.46261888502912,147.57847389749833,150.33131408691406,2109799
2024-04-12,149.680812663513,150.79326010811508,148.4363789214174,150.74612426757812,2432405
2024-04-15,150.55755215484226,151.42488423264615,146.55085747911343,147.18251037597656,2389122
2024-04-16,145.08016661760223,145.32528188298707,141.81823894134317,143.8451690673828,3272337
2024-04-17,144.97646297400632,145.75895948875464,142.68557507100627,143.18524169921875,1516341
2024-04-18,147.35220902080434,148.1629841085368,143.70375827594543,143.7603302001953,2880314
2024-04-19,144.00544838295977,144.95763101051415,140.60211285475313,141.5919952392578,2532400
2024-04-22,142.5913029196766,144.25055275918308,140.65865927808306,142.8929901123047,1619951
2024-04-23,144.18885791040628,148.1709748888252,142.64707200527897,147.27239990234375,2155974
2024-04-24,146.7615991614142,149.67487800919758,144.51987341513802,145.77789306640625,1532146
2024-04-25,142.20250725880302,145.0022828742508,140.75532015165263,144.51988220214844,2229111
2024-04-26,145.5603405357488,148.42634248752927,145.2103630096677,145.93869018554688,1393001
2024-04-29,146.89402957657867,148.00069153383572,145.81572483492647,147.05482482910156,1755893
2024-04-30,145.02120566208563,146.56297649155013,143.35646410608894,143.41322326660156,1321930
2024-05-01,143.271312095891,147.97230278497585,142.34436521485537,144.21719360351562,1887084
2024-05-02,145.2481933232584,147.04535777419474,143.17673023892488,146.8088836669922,1056139
2024-05-03,151.4720533592227,154.29074872420694,149.3060063328551,149.54248046875,1733581
2024-05-06,151.28287535287072,152.38008485168345,150.5923876228079,152.31387329101562,1201482
2024-05-07,153.14623285375427,153.9785960898217,152.2854974949865,152.3800811767578,1358602
2024-05-08,150.75319113176621,151.91661225502511,149.58977000850732,149.89244079589844,1425747
2024-05-09,150.10999422929805,152.3138806472625,149.79785612952534,152.18145751953125,1158096
2024-05-10,152.18146526169562,154.85828516810088,151.89769927224128,154.1110382080078,1431635
2024-05-13,155.0190589632336,155.4257807159997,153.16515024654714,153.24081420898438,1191462
2024-05-14,154.27184529141022,154.39480110858096,152.2855132232836,153.54351806640625,1250240
2024-05-15,156.80676591407476,161.99961007144537,156.70272982287113,161.6023406982422,2524652
2024-05-16,160.647032778951,160.798375646997,156.08793137953,156.25819396972656,2133765
2024-05-17,156.69324959550718,157.32699304124372,155.47306945241255,156.90133666992188,1160989
2024-05-20,157.02432825929753,157.40267793255143,154.61235468323775,154.8109893798828,974635
2024-05-21,154.67855786728933,154.7258497102389,153.0043640084199,153.90293884277344,1153035
2024-05-22,151.52880928654406,153.02328822244266,146.9696936005812,147.442626953125,2664727
2024-05-23,148.6533703187765,148.6533703187765,145.1536392904863,146.15626525878906,1720771
2024-05-24,147.53722346160885,148.2655357450991,146.36433504748612,147.9155731201172,1237741
2024-05-28,148.26553906934336,149.41950779004023,145.8157260937616,146.56297302246094,1434321
2024-05-29,144.6617603364917,145.82518136640005,143.6780542653772,145.72113037109375,1839360
2024-05-30,146.1373415273738,148.72903021478461,146.1373415273738,148.5303955078125,1706103
2024-05-31,149.38168214026842,151.7274592376509,148.41689561858442,151.6707000732422,5960307
2024-06-03,151.80311284753316,152.56926460520216,150.45997671565635,152.01119995117188,1661167
2024-06-04,150.96126590652773,151.10315633795753,148.57766469555358,149.17356872558594,1908881
2024-06-05,149.97754651324902,150.77208514937453,147.4331502879023,150.7436981201172,1604456
2024-06-06,150.55455405699348,150.67750986922562,147.45209280766736,147.66964721679688,1439692
2024-06-07,144.49151092169146,147.88719063855794,143.77265102114598,145.68331909179688,2267952
2024-06-10,144.6050166523081,147.45209908409058,143.9712880264802,147.00753784179688,1611170
2024-06-11,145.98595734135375,145.98595734135375,143.5739843226982,143.99017333984375,2110936
2024-06-12,149.70326880767203,152.60709532377237,146.02382326356351,146.61026000976562,3260561
2024-06-13,146.38325555334606,147.98178547823554,145.1157834450748,146.64810180664062,2151223
2024-06-14,144.93607162355212,146.90348393745074,142.53355048145698,146.70484924316406,3218311
2024-06-17,146.54403442784084,148.89926341061002,145.19143118800235,148.03851318359375,4844150
2024-06-18,142.53354247931412,145.70221518636413,140.11211666250816,140.67018127441406,6190149
2024-06-20,139.4878507014088,143.4510624311436,139.11895343167834,141.22825622558594,2930931
2024-06-21,142.07954318843926,143.6686059045499,139.91349608350973,143.34701538085938,4009486
2024-06-24,142.8362305402315,144.08478290693054,141.2377006437286,142.5051727294922,2312267
2024-06-25,141.83361287009612,141.9565835965185,138.99599775760944,141.10528564453125,2798914
2024-06-26,140.63235409278587,141.86198682709866,139.90402685781876,140.87828063964844,2431372
2024-06-27,140.84042096389413,141.47416441497552,139.72429180317107,141.04852294921875,1857644
2024-06-28,140.93502373631122,142.68488149090967,140.83097274055987,141.7579345703125,3406731
2024-07-01,142.36329809621472,142.67543618985394,137.97444506608196,138.0312042236328,2100502
2024-07-02,134.03962696257358,136.0543311506531,133.49101471670463,135.83677673339844,2466701
2024-07-03,135.02332223493613,138.00281263365142,134.5030821566108,135.52462768554688,1153241
2024-07-05,135.6005644815697,136.02769653255424,133.50287617471517,135.38226318359375,1902889
2024-07-08,136.68264531058148,137.65081029538868,133.97746568010172,135.38226318359375,2541697
2024-07-09,136.0181992249383,136.8344913080156,134.6703597604905,135.25885009765625,2105564
2024-07-10,135.3822800786425,138.9891817156171,135.0785343789239,138.3152618408203,2196881
2024-07-11,142.6245262539688,148.3860881955171,141.9221350360131,147.91148376464844,4142537
2024-07-12,149.02205552460973,153.29339123277816,148.8606971784181,151.75570678710938,4370003
2024-07-15,151.90758526703559,154.1571466131232,150.37940123284997,151.09127807617188,2227458
2024-07-16,153.72053159951165,161.25705147232733,153.34085696138573,161.0007781982422,3006133
2024-07-17,159.24476254528264,160.70650289588866,157.92539454681597,158.0203094482422,2235309
2024-07-18,161.43739551218079,168.7555984103462,161.1811073009415,161.38992309570312,4585797
2024-07-19,161.10516812790507,163.56355989918617,159.42511148599274,162.25367736816406,1883159
2024-07-22,161.31398566616045,163.82932042280254,158.52337673845534,163.73440551757812,2422282
2024-07-23,162.78523419163994,165.69922964078796,161.22856384280414,163.87680053710938,1924066
2024-07-24,163.32626204064985,164.59817265942883,160.13699250689314,160.2129364013672,3102719
2024-07-25,161.26654826880733,166.45859172029944,159.47259050695789,162.576416015625,1905368
2024-07-26,166.354142884372,169.66679849803577,165.34800606663114,167.73046875,2284273
2024-07-29,168.30950126221356,170.11294446535365,166.54401504767782,169.12579345703125,2039452
2024-07-30,169.4959539793162,171.94486028964513,168.97390703532537,171.28042602539062,1914252
2024-07-31,171.47027272194484,173.25472982666892,167.7874277090954,167.93930053710938,3130300
2024-08-01,169.03086287057965,170.10344318620255,164.64562670332705,167.28436279296875,2593966
2024-08-02,163.72491642673026,167.82539284857384,161.3709400527848,165.5948028564453,2404101
2024-08-05,154.71715639356745,163.47814388688482,154.4039252149972,161.7316436767578,2921014
2024-08-06,160.97229351165473,166.40162393403145,158.69424586974694,163.25982666015625,1981810
2024-08-07,165.35754253781988,166.8857265883536,157.45081862121492,158.276611328125,2888681
2024-08-08,160.06108217343373,161.96894084261888,158.16270901147703,160.7634735107422,1381224
2024-08-09,161.26652332243953,162.34858911645753,159.69086712121992,161.13363647460938,1667262
2024-08-12,161.2665443391864,161.54180357640772,158.59933649066176,159.40614318847656,1551773
2024-08-13,160.54515125639423,162.99404259108323,159.7383446379447,161.712646484375,1290630
2024-08-14,162.78524587051857,162.97507570350638,159.6529339352785,160.52618408203125,1478636
2024-08-15,162.23470541030838,162.6048945145445,159.9376867313538,161.94046020507812,1304782
2024-08-16,161.6652025776205,164.59818411368028,161.36145690131917,163.0320281982422,1155514
2024-08-19,164.20900623461216,167.03758730238786,163.93374700609124,166.55349731445312,1247348
2024-08-20,166.7813174133898,168.1481431609262,164.93041658609442,165.15821838378906,1427399
2024-08-21,167.23690361042316,171.31839408657635,166.6673842650179,169.95156860351562,2837135
2024-08-22,169.95156328455968,171.22347382403453,168.72711019548905,169.65731811523438,1160162
2024-08-23,171.77400642453492,176.24467217419937,170.83431292153662,175.6182098388672,2026746
2024-08-26,177.0230204021089,177.11793531777082,174.02359536079945,174.31784057617188,1208300
2024-08-27,172.8750675183686,173.89070497175294,171.432312953158,173.0933837890625,975668
2024-08-28,172.4384460029414,174.00460188936376,170.96720502809202,172.04928588867188,705642
2024-08-29,172.75165469316022,173.35913099406608,169.50544245671358,171.33737182617188,954595
2024-08-30,172.7611365988043,173.99507514702165,169.46746698137713,172.80860900878906,1506424
2024-09-03,173.04593088116727,174.59310086898282,167.7494870497895,169.3156280517578,1760439
2024-09-04,168.59424219071028,169.91361032803263,166.58196826959468,169.24917602539062,1468616
2024-09-05,169.23019635112504,170.55904992703242,168.2810024014488,168.79356384277344,1665712
2024-09-06,169.3251147021091,173.38761940681022,169.09731293719,170.3027801513672,2326419
2024-09-09,170.49261842845723,173.2357701340075,169.85667055638746,171.04315185546875,1827790
2024-09-10,172.01131831159748,172.09674771873136,168.57526078074272,171.07162475585938,1685133
2024-09-11,168.77458054530743,169.46748630462514,164.6551179371729,169.13526916503906,2178494
2024-09-12,169.70478566032384,172.73268189032655,169.04035139241125,172.16317749023438,1542062
2024-09-13,174.1279767624917,176.95655763890127,173.93814695190406,176.46298217773438,1852789
2024-09-16,177.9152614716263,178.6271383202842,175.04872321695623,177.6969451904297,1986252
2024-09-17,179.11120856859284,179.8041143261897,177.10843519115693,179.7376708984375,1606728
2024-09-18,180.34513123044263,182.62317858408107,176.96603214428842,178.85491943359375,1618608
2024-09-19,182.24352224553448,183.95205045089654,178.46576225059488,182.670654296875,2509880
2024-09-20,176.06433387840224,177.26030066791162,172.0587719902281,172.93202209472656,7212509
2024-09-23,175.45685994459097,176.56739734433856,173.95714746243087,176.35858154296875,2777634
2024-09-24,175.56123761640504,176.6433183556159,173.16930431394255,174.8683319091797,1563342
2024-09-25,174.1564740723153,174.1564740723153,171.9163983839287,172.61878967285156,1778103
2024-09-26,173.8622221170902,174.6879997662453,172.7136978750523,173.74830627441406,1542785
2024-09-27,175.88396217948534,179.55730634276907,174.9347683241436,177.5260467529297,1816530
2024-09-30,176.66231962997512,178.2569469568598,175.5517673165668,177.9532012939453,1391554
2024-10-01,178.96883910000446,179.42444263403254,176.48197571426266,178.73153686523438,2287165
2024-10-02,176.77622760594215,178.09559576468652,175.12464229048274,177.60202026367188,1765500
2024-10-03,177.2792933429193,178.627133019233,174.98227458898486,177.40269470214844,1412421
2024-10-04,177.78236582859677,178.16204044445058,170.49261918875044,172.98898315429688,2502443
2024-10-07,170.85330401074572,172.82760598450966,169.4010490115994,172.72320556640625,2027262
2024-10-08,173.33066904466926,174.35579190439668,171.58416897304693,172.00180053710938,1510556
2024-10-09,172.17313559395922,172.8679585048832,171.06903733896326,171.75433349609375,1534315
2024-10-10,169.65083946041779,171.7257814173708,169.04166732353008,169.61276245117188,1576978
2024-10-11,170.0601200836572,171.57349371367897,169.48902493827234,169.60324096679688,1824485
2024-10-14,169.64133216187582,173.3724294130209,169.17494125479183,172.84893798828125,1386389
2024-10-15,173.97207274933055,178.20763786966413,173.8007411929202,176.1231689453125,1540823
2024-10-16,178.91197788057065,180.21595809044666,178.17907787099068,179.33078002929688,1405810
2024-10-17,179.14039938807787,179.74004481507126,174.79061835930432,176.5609893798828,1696393
2024-10-18,177.42713230389592,180.51099500771605,176.39917306836858,179.82569885253906,1440932
2024-10-21,178.85484954804235,179.01665432940018,171.5830111127954,171.9256591796875,1497024
2024-10-22,168.5752969377229,168.7656519846001,165.139259317834,165.20587158203125,2922770
2024-10-23,164.30166286064568,165.6151697566066,162.53129182840078,164.2540740966797,2611527
2024-10-24,165.19635971778533,167.8709471428113,164.4063592688133,167.40455627441406,2219607
2024-10-25,168.30880811891527,168.30880811891527,164.66336150556748,164.92987060546875,1820662
2024-10-28,166.44324790739046,167.32842592559732,164.21599772737798,165.70083618164062,1422131
2024-10-29,153.9554825339936,162.61696820098527,152.87993439054148,161.90310668945312,4482807
2024-10-30,161.96021159629555,164.60624889058457,160.8941752750221,163.2356414794922,1903509
2024-10-31,162.03634456674564,163.33081290773154,160.998873544796,162.0934600830078,1705999
2024-11-01,164.2635903641255,165.3200998639042,161.16067412787876,161.4842987060547,1766327
2024-11-04,162.6550327648248,167.69010996935586,162.6359942589026,164.31118774414062,1829856
2024-11-05,162.99766472293828,168.82275683123893,162.49321187838373,168.73709106445312,1393930
2024-11-06,160.00898825378258,160.80851544973262,156.03993253576544,160.570556640625,4742400
2024-11-07,160.57056856709264,163.5592540172185,159.90429585431315,163.1499786376953,1617988
2024-11-08,163.7115389317874,165.59612593764004,162.75973367747824,164.2635955810547,1260777
2024-11-11,164.95838722325044,165.97683464770552,163.4164634636636,163.9970703125,1196937
2024-11-12,162.67407111862565,162.91201493552379,158.07681954355326,158.1719970703125,1834505
2024-11-13,160.9798342445417,161.38910959939832,157.94356021260487,158.3147735595703,1509833
2024-11-14,159.495007951323,163.34032087151155,159.30465290705442,161.6175537109375,2433851
2024-11-15,160.52296283200266,162.28380695464156,159.84717843881077,160.71331787109375,1785437
2024-11-18,159.104767104356,160.72284495096116,158.49560997416174,159.82814025878906,1716639
2024-11-19,159.8281483449401,161.31297173792774,158.29573618967544,160.61814880371094,1977782
2024-11-20,159.8281401502439,161.1130816741292,159.35223754911178,160.12319946289062,1166257
2024-11-21,160.8846600030359,162.19816686975528,159.44742535331193,159.97091674804688,2070442
2024-11-22,160.66573897111456,161.84599129529886,159.90428876249808,161.01791381835938,1881300
2024-11-25,163.71155555948354,171.44025941763238,163.644928284749,170.0506134033203,3495879
2024-11-26,168.77519494688616,168.86084572454905,164.0256500369266,165.04408264160156,2063211
2024-11-27,167.36648194536565,167.83287277942765,165.45334485369537,165.7103271484375,1136093
2024-11-29,168.03275039012834,168.61335728179478,165.78647684367186,165.98635864257812,852741
2024-12-02,165.98635344149312,166.61454907472518,163.4640591577178,165.11068725585938,1466963
2024-12-03,166.3766068241589,167.18564575310685,164.76804071719866,165.21539306640625,1447853
2024-12-04,162.67405609144134,163.23562445131333,158.03872793275337,159.32366943359375,2299148
2024-12-05,159.59019721386642,160.09466512326148,156.70621606225262,157.0393524169922,2140996
2024-12-06,160.4373079777324,160.8561100960898,155.07860622466006,155.57354736328125,2619378
2024-12-09,157.0488608400111,158.22911318567714,155.11668502623894,158.01019287109375,2308652
2024-12-10,153.34631533519894,155.63066602237996,152.31835602569117,153.87933349609375,2512773
2024-12-11,154.77401657876172,155.0881143791693,150.28146985844984,150.5384521484375,2776911
2024-12-12,148.58726082827596,149.86269072859943,147.60690527281224,147.9781036376953,2598512
2024-12-13,146.50279712980546,147.66401103582655,144.97989659786245,146.9501495361328,2851493
2024-12-16,146.9501451268575,149.20594559787227,144.2565190175662,144.59918212890625,3220274
2024-12-17,144.21845642855482,146.0840050158927,143.5902607306368,144.1708526611328,2139963
2024-12-18,144.1708481416015,145.62712130501077,138.631318072492,138.8978271484375,4802314
2024-12-19,130.3981368409703,135.93768148183895,128.69439323999444,131.7306671142578,6472468
2024-12-20,131.2452583897521,133.14886886094106,129.98886707722062,131.4261016845703,9358257
2024-12-23,130.96923519565325,132.56828974959117,130.59803681903452,131.34996032714844,3821997
2024-12-24,130.8645459113575,132.59684000869333,130.8645459113575,131.34996032714844,2198947
2024-12-26,130.39815911761247,132.77768751390917,130.2268275520619,131.95912170410156,2752945
2024-12-27,131.34995674505458,132.91093424244391,130.02693807439664,130.57899475097656,2101122
2024-12-30,130.3886116448065,130.521866174003,127.27619871877715,129.63668823242188,2984130
2024-12-31,130.56948469729815,131.00731034075187,129.41778256436572,129.7985076904297,2191613
2025-01-02,131.34995859925615,131.63550619481208,127.64741162007019,127.89488220214844,1970447
2025-01-03,129.17982950661164,130.23633903046147,128.35175204152463,129.3321075439453,2152772
2025-01-06,130.20779114942755,131.12153450919533,128.36128092475798,128.55165100097656,2472279
2025-01-07,128.4850031431413,129.6176516553936,126.4290846636854,126.7241439819336,2532606
2025-01-08,125.67716581752249,127.58078394252674,124.60161771368352,127.1048812866211,3060159
2025-01-10,126.46716317009142,127.1524593361791,123.12630310281824,123.31666564941406,4728661
2025-01-13,123.25003516359027,125.70570970011664,122.22207593854824,125.23931884765625,3094145
2025-01-14,127.63790366474147,128.66586303710938,125.53439615312472,128.66586303710938,4491174
2025-01-15,135.28091999609924,136.565876506999,130.67415706884591,131.89247131347656,5026371
2025-01-16,131.85442050954939,134.35767647498488,130.2839313097041,133.9103240966797,4128281
2025-01-17,135.70922724382487,136.83237891818325,133.95790997891598,134.71934509277344,4168155
2025-01-21,133.72787569597475,136.8545261111033,130.26694876205116,130.90603637695312,6362200
2025-01-22,130.63074919876345,134.24899545854717,130.63074919876345,133.84588623046875,3914100
2025-01-23,132.2432402064287,133.64923920209245,131.52549299195573,132.25306701660156,2237300
2025-01-24,132.32189693131843,132.40055641934865,129.94250367876708,130.13914489746094,2345000
2025-01-27,130.72906802298604,135.64517292001415,130.5225850160958,135.5075225830078,5691700
2025-01-28,135.41901593324584,136.14660483020415,132.96096358201484,133.74754333496094,4501700
2025-01-29,133.90545341367408,133.90545341367408,129.48437707500656,130.49095153808594,3051600
2025-01-30,130.50083828279836,135.04033190344137,130.25412618195543,133.48110961914062,3256900
2025-01-31,131.81333540985426,132.43503960288137,129.42514925911155,129.51397705078125,2176600
2025-02-03,126.90870364166891,127.00737944165347,123.56328081348803,124.5303955078125,4472100
2025-02-04,124.3428918528957,127.37252350926816,123.84946767887628,126.60276794433594,3120600
2025-02-05,128.45804732407822,128.5764643069403,125.35934412159737,125.81329345703125,2347900
2025-02-06,125.92184958375637,127.1948848752175,124.16526070267304,125.57645416259766,3310100
2025-02-07,124.8560481071064,125.0336811086763,119.80338944743875,120.33628845214844,6103300
2025-02-10,121.34287702670072,122.27051692180187,120.46458256267948,121.07643127441406,4119600
2025-02-11,120.60272643653342,123.47445852244977,120.60272643653342,123.27708435058594,3421100
2025-02-12,120.43497098415054,120.63233763834401,117.68166324253663,120.0007553100586,7584000
2025-02-13,122.2803816484419,122.36919438525884,119.56654870844625,122.12248229980469,2293900
2025-02-14,122.79353285755897,125.08302058605875,121.95471331801966,122.21128845214844,1970500
2025-02-18,120.97773638313865,121.28366449334497,118.6783854350747,120.88892364501953,2873700
2025-02-19,117.3066732494408,119.93168610587789,116.34942908674685,119.34944915771484,3362600
2025-02-20,119.33957600137013,121.41195611277917,119.11259755908056,121.07643127441406,2012900
2025-02-21,121.60931878644544,121.90536875770918,117.7902131717978,118.98429870605469,2473400
2025-02-24,118.98430556210496,119.73431241815526,116.62573860190797,118.23429870605469,2654300
2025-02-25,119.13233727776048,123.17841411770614,118.62904249734785,122.68498992919922,2856600
2025-02-26,121.96458208737987,122.4580062547936,119.39877792263951,119.92180633544922,2022600
2025-02-27,119.62575345741813,121.3033925744028,118.51061004745486,118.78693389892578,1758300
2025-02-28,118.42180010730769,119.57641085138067,116.69481552240946,118.0566635131836,3040300
2025-03-03,118.11588355584315,119.48760218481371,115.95468322097989,116.3790283203125,2270400
2025-03-04,115.61915480895065,118.55995863775576,115.13559370276666,117.18824005126953,3488600
2025-03-05,117.74087353310726,120.60273523699875,117.43495295571363,120.42510223388672,2341300
2025-03-06,122.17182709014622,124.90539366991045,120.59286372824577,124.48104858398438,3087000
2025-03-07,124.48105151425813,125.19158353802813,122.08300969856208,123.54354858398438,2744600
2025-03-10,123.91854604877999,127.5698894329392,123.12906436327114,123.57315063476562,2781400
2025-03-11,122.98103518790704,124.01722136298993,119.25074237044406,119.84285736083984,3354600
2025-03-12,120.6422114838906,121.06655657800229,116.30007721301516,117.36587524414062,3689500
2025-03-13,116.90205601613732,118.42180339654632,114.08953969128045,114.8000717163086,3132200
2025-03-14,116.23099989919079,116.58626591497577,114.7704685267908,116.54679107666016,3268800
2025-03-17,116.76389496141088,118.1257429563461,116.24086654732103,117.39547729492188,2143100
2025-03-18,117.25731948803215,118.19482239965302,116.09283814536809,116.9415283203125,2065900
2025-03-19,117.26718910803348,119.69483510146351,116.44810318543385,118.71785736083984,3084700
2025-03-20,118.79680345735937,121.2047158770366,117.91850901491426,118.49088287353516,3523600
2025-03-21,111.48424990794305,114.50400319513203,109.79674027515776,113.70465850830078,12342100
2025-03-24,113.54676471063311,116.0632309254172,113.54676471063311,116.01388549804688,3159200
2025-03-25,114.90862237466021,118.25403762326827,113.71453679448068,116.19152069091797,3656100
2025-03-26,116.18165842402871,117.97772210233192,115.41191039413704,116.31981658935547,1745000
2025-03-27,115.8559937845898,118.01718647650628,115.4711235437394,116.4283676147461,1835600
2025-03-28,116.77376724832737,116.8921842319204,112.11584182426509,112.43163299560547,3553800
2025-03-31,112.71782173028612,113.93164100593005,111.10925407281132,113.27045440673828,3378300
2025-04-01,113.6257171753771,114.05006226240359,111.70136592552174,113.0040054321289,2068400
2025-04-02,111.42504504658385,114.2770360281787,111.06977905664321,114.13887786865234,2427000
2025-04-03,110.92175872989397,111.74084468718749,106.75725738747256,106.974365234375,4722000
2025-04-04,105.5434277484093,114.36585438393125,104.80329148782002,109.56977081298828,7946200
2025-04-07,107.44804491269302,110.64543896604322,104.0039463025625,105.67172241210938,5759500
2025-04-08,108.04015898325999,108.17831714777759,100.39208439021846,101.60590362548828,5685000
2025-04-09,98.97102568785414,109.36253800378942,97.12561649273194,107.23094940185547,5647600
2025-04-10,104.84276833251256,105.59277519907143,100.24405886044693,103.11578369140625,2640100
2025-04-11,102.58288360146523,104.08289731895698,99.28681370615054,103.85591888427734,2766100
2025-04-14,105.96777969060464,105.96777969060464,102.61250111556643,104.67501068115234,1984900
2025-04-15,104.23091991933285,106.14540049721995,103.03683438253601,103.6980209350586,1508900
2025-04-16,102.80986167203727,104.34934269275072,100.54997804116242,101.40853881835938,2785500
2025-04-17,102.03024991615457,103.85591785090048,101.47761725155397,103.35263061523438,2736800
2025-04-21,102.41512553444808,102.94802457282697,101.27038530793679,102.3460464477539,2176600
2025-04-22,103.65855086888149,106.69804557278371,102.90854401994534,106.50067138671875,2584300
2025-04-23,109.06851151993395,110.65481684324855,106.57999055279953,106.6493911743164,2432400
2025-04-24,107.35330544837103,108.64218267659884,105.63811555313076,108.28526306152344,2277400
2025-04-25,107.51194287338035,107.51194287338035,105.72734474616192,106.70886993408203,2130900
2025-04-28,106.67913787455818,108.08698343770631,105.96529855687722,107.22443389892578,1858700
2025-04-29,106.68905143059618,107.36323214911893,105.51914981798613,106.65930938720703,1882400
2025-04-30,105.42991158819152,107.82920636107434,104.50787802639096,107.68048858642578,1675500
2025-05-01,107.88868943304811,109.23705079943721,106.73862095236338,107.26408386230469,1771100
2025-05-02,108.22578891356888,109.49483318849038,108.07707113295452,109.25688171386719,1803600
2025-05-05,108.56287149286945,109.80217367886111,107.8391156880462,108.27535247802734,2184400
2025-05-06,107.55160843647916,108.29518977710606,105.17214663365296,105.2911148071289,2652600
2025-05-07,106.38170686529004,107.53177540589991,106.1734974334265,106.88733673095703,2906100
2025-05-08,107.84903850750713,109.60389474101743,107.57143601192601,108.63227844238281,2038400
2025-05-09,108.78098684039246,109.5443936373726,107.4722840712122,107.7102279663086,1920000
2025-05-12,110.90267947629494,113.34162537731974,109.73277785898053,111.58677673339844,2903600
2025-05-13,112.5881204517767,112.62777902867347,111.3190762474807,111.40830993652344,2278700
2025-05-14,110.85310530981654,111.16045741160552,107.14511509334535,107.44255065917969,3591000
2025-05-15,107.73997734876792,109.37585781273233,106.28255670931055,109.16765594482422,2824000
2025-05-16,109.22713288046396,111.03155651496488,109.06850613801006,110.90267181396484,2573000
2025-05-19,108.54304315574416,110.43669291322873,108.4637260025249,110.21857452392578,2427700
2025-05-20,109.524571242575,110.41687032966034,107.83911573050263,108.50338745117188,2345000
2025-05-21,107.32357042744617,107.97792561925004,104.41864577058732,104.72599029541016,3139200
2025-05-22,104.10138174717554,104.78547896202615,102.68361976938809,104.38890075683594,2061500
2025-05-23,103.26857890916531,104.54753214243752,102.87200068636673,104.27984619140625,2072600
2025-05-27,105.76701088419368,107.20459845982231,104.63676784418621,107.1649398803711,1757800
2025-05-28,106.54032850238073,107.03604937251879,103.96258149048283,104.3492431640625,2465300
2025-05-29,105.78683705636621,105.81658666421694,103.50652545435223,105.1622314453125,2230400
2025-05-30,104.98376567691878,105.4497445068987,103.93283984869188,105.1721420288086,3356800
2025-06-02,104.21044951676969,104.48805201401295,102.09868117922568,104.1212158203125,2452200
2025-06-03,103.63540725993839,105.76700858344363,103.20908699523734,105.73726654052734,1996600
2025-06-04,106.18340375516502,109.51464844713175,105.90580129151776,109.28662109375,2847300
2025-06-05,108.97927889476654,110.04012129926093,107.98783711246895,109.11808013916016,1815100
2025-06-06,109.69311612735122,110.05003576740054,107.12528559021338,107.6011734008789,1912800
2025-06-09,108.7611585667569,110.03021037947332,107.32357103351852,109.42543029785156,2155000
2025-06-10,111.04147877617393,113.01444579005246,109.0585952265994,112.57821655273438,2768400
2025-06-11,114.29340991598758,115.49305359072746,110.32764270133652,110.54576110839844,3935500
2025-06-12,109.7525981080546,111.6165134290367,108.73141432131239,111.19019317626953,2355500
2025-06-13,109.75259820380161,111.21001877997706,106.77827296723137,107.68048858642578,3320100
2025-06-16,108.76115748828104,108.91979179983521,107.09553503746372,108.5529556274414,5030900
2025-06-17,113.01445084987238,113.23256926034712,103.49661089860729,103.71472930908203,8196100
2025-06-18,101.90038834258657,104.78548764954458,101.65252788930567,102.5250015258789,4839700
2025-06-20,103.39746331596834,105.6976079245866,102.62413994401656,105.50923156738281,5779400
2025-06-23,104.59710361611793,109.87157337267949,104.51778646149891,109.68319702148438,3497900
2025-06-24,109.86165728322507,111.73548157512857,108.66201368011913,110.734130859375,3633500
2025-06-25,110.06986097810649,110.67464105744502,108.15637807681091,108.83055877685547,2433200
2025-06-26,109.11807680763579,109.25687804779162,106.94682451428373,108.8702163696289,2334100
2025-06-27,109.19739930328599,110.88284733851647,108.21587403872708,109.26679992675781,4287400
2025-06-30,109.42542433247885,110.36729093199908,108.4339826217839,109.66336822509766,2487900
2025-07-01,109.05859651243716,117.36687596003573,108.81073606581798,114.5016098022461,5523000
2025-07-02,114.88826448663116,115.49304454462352,113.45067700956083,114.3231430053711,4417400
2025-07-03,113.2676422469467,113.78543384023426,109.45388156822096,109.65303802490234,3163100
2025-07-07,109.51363052530459,110.20069939783218,107.62168600128672,108.75685119628906,2828500
2025-07-08,108.10960583017373,110.87781595343928,107.85070623966173,109.9517593383789,3037300
2025-07-09,110.38989390999357,115.65746234435912,110.06129146619358,114.87081146240234,5552000
2025-07-10,114.87081360084997,117.93775460599429,114.04433141361868,115.94623565673828,4238500
2025-07-11,114.22357286990963,114.5621350549259,112.79963646187291,113.47675323486328,2644000
2025-07-14,112.67018498847224,113.39708514360666,109.87209572572667,112.41128540039062,3070900
2025-07-15,113.37717325466035,113.83522169676179,107.22337945914137,107.2731704711914,3245500
2025-07-16,107.8108730253445,109.84222322849047,107.0043102965372,108.96595764160156,2873900
2025-07-17,108.81659272499519,109.96171762500018,108.52782156954754,109.23480987548828,1634500
2025-07-18,109.93185178719622,110.22062295769689,108.01003562265484,109.1053695678711,2221600
2025-07-21,110.36002240027527,110.74836798059299,108.51786892494012,108.96595764160156,2277600
2025-07-22,113.63607875055934,118.72441048730833,113.35725970444193,118.02737426757812,5242200
2025-07-23,118.99325540975528,119.09282983629652,115.83669974644343,116.76275634765625,2939300
2025-07-24,116.00598243054854,116.40428775229363,112.71002089726628,113.0286636352539,2792100
2025-07-25,113.51658045422317,115.20936852744306,112.36149581354745,114.8409423828125,2553500
2025-07-28,114.4426386410179,117.39008582367306,113.6261161620191,115.64750671386719,2891200
2025-07-29,115.72717215360512,116.14538932699365,114.25344472737225,115.36869812011719,1744000
2025-07-30,115.18945504559065,116.07568036037331,111.22632903802365,111.89349365234375,2526000
2025-07-31,110.2803635517341,113.028661872159,109.86214638909435,111.70429992675781,2258500
2025-08-01,114.38289604886104,116.42419845758582,113.33734553916737,115.48818969726562,3639600
2025-08-04,115.42843680119373,118.6248238121211,115.1794969318345,118.26634979248047,2527900
2025-08-05,117.92779697219302,121.1839271691836,117.56932294721618,119.59071350097656,3021500
2025-08-06,119.77991132075384,120.65617694694609,118.7741920972881,118.8438949584961,2507500
2025-08-07,120.48689912773634,122.30914083039633,118.7841512996423,119.00321960449219,2255300
2025-08-08,119.40152329509642,120.95490565806922,119.09283268926934,120.33753204345703,2093700
2025-08-11,120.72587870868529,122.47841754215126,117.75851967623524,120.01889038085938,2412200
2025-08-12,121.09431171028227,124.31061059598592,120.08859250216697,123.94218444824219,3044600
2025-08-13,124.56951249474427,132.01779693117473,124.3803233548761,130.3349609375,5589900
2025-08-14,126.70043307525903,130.16567938011133,126.50128421969912,129.89682006835938,3549200
2025-08-15,135.42328598810636,135.49299644317207,131.09172627776513,131.3904571533203,5174300
2025-08-18,132.03771740543058,133.19278689216662,130.53411081767985,130.87266540527344,2653200
2025-08-19,132.02774545982882,134.24830003413658,131.9082591846495,133.6807098388672,3540900
2025-08-20,133.32223312216735,134.66651446707544,129.60805460100366,129.7673797607422,3653100
2025-08-21,128.65211984583408,129.2495816024984,126.26230320734399,128.59237670898438,2272100
2025-08-22,129.4487300191356,136.33938367071033,128.37330797722507,135.17434692382812,3937800
2025-08-25,134.95527844762086,134.95527844762086,133.54130183719383,134.22837829589844,2518300
2025-08-26,133.92964435584543,134.5968013557407,132.69489718336396,132.70486450195312,2850900
2025-08-27,132.7048747800926,133.59110014042346,131.75890627993252,132.76461791992188,2616600
2025-08-28,133.00359679335304,133.4118466196243,130.44448771823977,132.56546020507812,4029300
2025-08-29,132.59534363942657,133.421825878713,131.49004994521033,132.57542419433594,1847900
2025-09-02,129.94660705832888,132.77456022435928,129.76737765209805,132.1173553466797,2400400
2025-09-03,131.58960519425065,134.38770201081073,130.9523197542349,133.5114288330078,2574000
2025-09-04,135.0050658688681,138.0421351810216,134.42752357392715,137.48451232910156,2970500
2025-09-05,141.08916934830503,143.62835917263249,139.90421308401324,141.2783660888672,4268800
2025-09-08,140.89996513195103,142.00525875241024,139.2171291950814,141.796142578125,2831300
2025-09-09,140.89997078127777,141.23852536837694,135.91122110193118,136.8671417236328,3702000
2025-09-10,138.16163560296178,138.23134606363385,134.99512757203294,136.00083923339844,2726600
2025-09-11,136.93684721309126,140.11332236839135,136.93684721309126,139.49594116210938,2468100
2025-09-12,139.40633119118928,139.40633119118928,136.38918109593527,136.6879119873047,2854200
2025-09-15,137.29531540531696,137.29531540531696,131.71905650608537,133.20274353027344,4581900
2025-09-16,133.90972597491367,134.13876158711597,130.65360352790717,133.24256896972656,4007900
2025-09-17,134.05910762076107,138.84870843021213,131.23113906638946,132.40614318847656,5872100
2025-09-18,132.44597005795708,133.50148792631487,130.7830534605911,132.3065643310547,5239900
2025-09-19,125.96357548351708,130.91250136428553,124.62926141351294,126.78009796142578,17041300
2025-09-22,124.22099683346654,124.51972772037988,120.58647316221723,121.3930435180664,6043700
2025-09-23,121.94070505588476,123.23519541919761,121.33329116508864,122.72735595703125,4178900
2025-09-24,122.6775663353167,126.16272455617276,121.93074671656183,125.15701293945312,3557700
2025-09-25,123.62354081359034,126.39175094915365,123.25510707149577,123.49408721923828,3406100
2025-09-26,124.47989264984031,126.34195798433694,123.6235389035321,125.50552368164062,2430900
2025-09-29,126.89959254111619,127.71610742652527,124.8782019807215,127.1385726928711,3359900
2025-09-30,126.969291308401,127.33771744776122,123.97205319632222,125.50552368164062,2435300
2025-10-01,125.96357304979749,128.0048830036505,125.76442419446437,127.66632843017578,2462700
2025-10-02,127.45721754505077,128.09450302501264,126.03328113890797,127.78582000732422,1718400
2025-10-03,127.77586871844656,130.27521964023347,127.75594927373113,129.51844787597656,2026700
2025-10-06,129.62796385651254,130.2552972009078,125.48560830488009,125.85404205322266,2709700
2025-10-07,123.47417592981607,123.57375035873818,121.1341426634578,121.62206268310547,3661700
2025-10-08,122.10998472470835,122.10998472470835,118.4057657669929,119.61063385009766,4469400
2025-10-09,119.4214344643636,119.45130603316788,116.60343331918442,117.41000366210938,5509100
2025-10-10,123.0,123.70999908447266,117.91000366210938,118.7699966430664,6316300
2025-10-13,117.9800033569336,119.20999908447266,117.47000122070312,118.0199966430664,3242500
2025-10-14,118.41000366210938,122.45999908447266,117.30000305175781,122.2300033569336,4302700
2025-10-15,122.56999969482422,123.66999816894531,121.33000183105469,122.44000244140625,3169800
2025-10-16,122.69999694824219,122.9800033569336,120.94999694824219,122.87000274658203,3087700
2025-10-17,123.01000213623047,125.94000244140625,122.44999694824219,125.81999969482422,4500200
2025-10-20,126.38999938964844,127.44999694824219,124.7300033569336,125.8499984741211,3059300
2025-10-21,123.56999969482422,129.5800018310547,122.30000305175781,128.24000549316406,4170800
2025-10-22,127.51000213623047,129.49000549316406,126.56999969482422,127.13999938964844,2663600
2025-10-23,126.83999633789062,128.47999572753906,126.2699966430664,127.33999633789062,2208900
2025-10-24,129.85000610351562,130.22999572753906,127.56999969482422,127.56999969482422,3267600
2025-10-27,128.0,130.07000732421875,127.83000183105469,128.72000122070312,2265400
2025-10-28,124.27999877929688,129.1999969482422,124.04000091552734,128.22000122070312,3234400
2025-10-29,126.37000274658203,128.97000122070312,123.75,124.18000030517578,5354100
2025-10-30,123.5199966430664,125.51000213623047,122.54000091552734,124.12999725341797,4998300
2025-10-31,123.18000030517578,124.33000183105469,121.94000244140625,123.7699966430664,4847700
2025-11-03,122.63999938964844,122.75,119.56999969482422,120.58999633789062,3553100
2025-11-04,120.66000366210938,122.4800033569336,119.4000015258789,121.6500015258789,4317800
2025-11-05,121.02999877929688,122.87000274658203,119.18000030517578,121.18000030517578,3250900
2025-11-06,121.5999984741211,121.5999984741211,119.87000274658203,120.33000183105469,1945200
2025-11-07,119.81999969482422,121.55000305175781,118.94000244140625,121.55000305175781,4076200
2025-11-10,121.44999694824219,123.4800033569336,120.63999938964844,123.20999908447266,3283600
2025-11-11,123.93000030517578,125.5199966430664,123.05999755859375,125.44000244140625,2999000
2025-11-12,125.29000091552734,126.91000366210938,124.01000213623047,124.12999725341797,4404100
2025-11-13,122.83000183105469,124.16999816894531,121.19000244140625,121.23999786376953,5255900
2025-11-14,121.48999786376953,123.5999984741211,120.8499984741211,121.11000061035156,4641300
2025-11-17,120.30000305175781,120.52999877929688,114.05999755859375,114.0999984741211,8987400
2025-11-18,113.4000015258789,116.91000366210938,112.11000061035156,115.97000122070312,7621500
2025-11-19,116.62000274658203,116.77999877929688,114.91999816894531,115.16000366210938,17005600
2025-11-20,115.12000274658203,117.83999633789062,115.12000274658203,116.25,32418900
2025-11-21,118.0,124.13999938964844,117.56999969482422,123.16000366210938,17030000
2025-11-24,121.55999755859375,124.06999969482422,120.51000213623047,122.95999908447266,10562800
2025-11-25,124.45999908447266,131.60000610351562,124.37000274658203,131.0800018310547,15138300
2025-11-26,131.1999969482422,132.92999267578125,130.57000732421875,131.27999877929688,14129600
2025-11-28,130.86000061035156,131.42999267578125,129.7899932861328,131.3000030517578,5108400
2025-12-01,129.24000549316406,132.42999267578125,129.0,130.22999572753906,20089100
2025-12-02,129.8800048828125,131.13999938964844,127.2699966430664,129.72999572753906,13058400
2025-12-03,129.72999572753906,133.75999450683594,129.22000122070312,133.1300048828125,6028100
2025-12-04,131.08999633789062,133.22999572753906,126.70999908447266,126.75,7426800
2025-12-05,127.06999969482422,128.2100067138672,123.87999725341797,123.91000366210938,6243100
2025-12-08,122.06999969482422,122.36000061035156,120.0,120.70999908447266,5332700
2025-12-09,118.7300033569336,120.16000366210938,117.04000091552734,117.19000244140625,4128300
2025-12-10,117.66000366210938,120.33000183105469,117.45999908447266,120.02999877929688,3341600
2025-12-11,120.22000122070312,122.79000091552734,118.91000366210938,119.1500015258789,3105100
2025-12-12,119.9000015258789,120.26000213623047,118.23999786376953,119.37000274658203,2436300
2025-12-15,120.0,121.3499984741211,118.91999816894531,119.7300033569336,3195900
2025-12-16,120.3499984741211,120.81999969482422,116.69999694824219,117.56999969482422,4815900
2025-12-17,113.6500015258789,116.54000091552734,110.0199966430664,112.2300033569336,10385800
2025-12-18,111.38999938964844,112.97000122070312,108.02999877929688,108.33000183105469,7284900
2025-12-19,107.76000213623047,108.04000091552734,105.2300033569336,107.98999786376953,9673900
2025-12-22,107.98999786376953,108.25,106.48999786376953,106.98999786376953,3663000
2025-12-23,106.91000366210938,107.16999816894531,104.25,104.73999786376953,2801500
2025-12-24,104.9000015258789,105.94000244140625,104.43000030517578,105.08999633789062,1399300
2025-12-26,104.9000015258789,105.22000122070312,104.05999755859375,104.9000015258789,1868400
2025-12-29,104.83999633789062,105.12000274658203,103.48999786376953,103.91999816894531,2331200
2025-12-30,103.37000274658203,104.43000030517578,103.02999877929688,103.88999938964844,2173900
2025-12-31,103.77999877929688,103.98999786376953,102.72000122070312,102.80000305175781,1849200
2026-01-02,103.01000213623047,104.5,102.12000274658203,104.22000122070312,2414800
2026-01-05,103.87000274658203,106.97000122070312,103.5999984741211,105.4000015258789,2936500
2026-01-06,104.0,106.47000122070312,102.76000213623047,106.36000061035156,3362300
2026-01-07,106.80000305175781,107.66999816894531,103.45999908447266,103.93000030517578,4539500
2026-01-08,103.1500015258789,110.33000183105469,102.80000305175781,109.55000305175781,4195000
2026-01-09,113.0,119.31999969482422,112.97000122070312,119.25,7686000
2026-01-12,118.41999816894531,122.83000183105469,117.9000015258789,120.9000015258789,4671200
2026-01-13,121.51000213623047,123.55000305175781,119.88999938964844,123.31999969482422,3543600
2026-01-14,120.75,123.70999908447266,120.69999694824219,121.38999938964844,4126700
2026-01-15,121.63999938964844,122.73999786376953,119.2699966430664,122.25,2297400
2026-01-16,121.7300033569336,122.1449966430664,117.16999816894531,118.58999633789062,3892262
